2026-09-22 13:59:17.733 -06:00 [INF] User profile is available. Using 'C:\Users\User\AppData\Local\ASP.NET\DataProtection-Keys' as key repository and Windows DPAPI to encrypt keys at rest.
2026-09-22 13:59:18.252 -06:00 [INF] Now listening on: https://localhost:5081
2026-09-22 13:59:18.255 -06:00 [INF] Now listening on: http://localhost:5080
2026-09-22 13:59:18.258 -06:00 [INF] Application started. Press Ctrl+C to shut down.
2026-09-22 13:59:18.260 -06:00 [INF] Hosting environment: Development
2026-09-22 13:59:18.261 -06:00 [INF] Content root path: C:\NG\Angular\shekina-site\backend\src\Shekinah.Api
2026-09-22 13:59:18.485 -06:00 [INF] Request starting HTTP/2 GET https://localhost:5081/scalar/v1 - null null
2026-09-22 13:59:18.617 -06:00 [INF] Authorization failed. These requirements were not met:
DenyAnonymousAuthorizationRequirement: Requires an authenticated user.
2026-09-22 13:59:18.623 -06:00 [INF] AuthenticationScheme: Bearer was challenged.
2026-09-22 13:59:18.627 -06:00 [INF] Request finished HTTP/2 GET https://localhost:5081/scalar/v1 - 401 0 null 147.5194ms
2026-09-22 13:59:23.232 -06:00 [INF] Request starting HTTP/1.1 GET https://localhost:5081/api/v1/auth/me - null null
2026-09-22 13:59:23.326 -06:00 [INF] Failed to validate the token.
Microsoft.IdentityModel.Tokens.SecurityTokenExpiredException: IDX10223: Lifetime validation failed. The token is expired. ValidTo (UTC): '9/22/2026 12:06:17 AM', Current time (UTC): '9/22/2026 7:59:23 PM'.
   at Microsoft.IdentityModel.Tokens.ValidatorUtilities.ValidateLifetime(Nullable`1 notBefore, Nullable`1 expires, SecurityToken securityToken, TokenValidationParameters validationParameters)
   at Microsoft.IdentityModel.Tokens.Validators.ValidateLifetime(Nullable`1 notBefore, Nullable`1 expires, SecurityToken securityToken, TokenValidationParameters validationParameters)
   at Microsoft.IdentityModel.JsonWebTokens.JsonWebTokenHandler.ValidateTokenPayloadAsync(JsonWebToken jsonWebToken, TokenValidationParameters validationParameters, BaseConfiguration configuration)
   at Microsoft.IdentityModel.JsonWebTokens.JsonWebTokenHandler.ValidateJWSAsync(JsonWebToken jsonWebToken, TokenValidationParameters validationParameters, BaseConfiguration configuration)
2026-09-22 13:59:23.339 -06:00 [INF] Bearer was not authenticated. Failure message: IDX10223: Lifetime validation failed. The token is expired. ValidTo (UTC): '9/22/2026 12:06:17 AM', Current time (UTC): '9/22/2026 7:59:23 PM'.
2026-09-22 13:59:23.343 -06:00 [INF] Authorization failed. These requirements were not met:
DenyAnonymousAuthorizationRequirement: Requires an authenticated user.
2026-09-22 13:59:23.347 -06:00 [INF] AuthenticationScheme: Bearer was challenged.
2026-09-22 13:59:23.351 -06:00 [INF] Request finished HTTP/1.1 GET https://localhost:5081/api/v1/auth/me - 401 0 null 119.5827ms
2026-09-22 13:59:23.379 -06:00 [INF] Request starting HTTP/1.1 POST https://localhost:5081/api/v1/auth/refresh - application/json 105
2026-09-22 13:59:23.386 -06:00 [INF] CORS policy execution successful.
2026-09-22 13:59:23.388 -06:00 [INF] Failed to validate the token.
Microsoft.IdentityModel.Tokens.SecurityTokenExpiredException: IDX10223: Lifetime validation failed. The token is expired. ValidTo (UTC): '9/22/2026 12:06:17 AM', Current time (UTC): '9/22/2026 7:59:23 PM'.
   at Microsoft.IdentityModel.Tokens.ValidatorUtilities.ValidateLifetime(Nullable`1 notBefore, Nullable`1 expires, SecurityToken securityToken, TokenValidationParameters validationParameters)
   at Microsoft.IdentityModel.Tokens.Validators.ValidateLifetime(Nullable`1 notBefore, Nullable`1 expires, SecurityToken securityToken, TokenValidationParameters validationParameters)
   at Microsoft.IdentityModel.JsonWebTokens.JsonWebTokenHandler.ValidateTokenPayloadAsync(JsonWebToken jsonWebToken, TokenValidationParameters validationParameters, BaseConfiguration configuration)
   at Microsoft.IdentityModel.JsonWebTokens.JsonWebTokenHandler.ValidateJWSAsync(JsonWebToken jsonWebToken, TokenValidationParameters validationParameters, BaseConfiguration configuration)
2026-09-22 13:59:23.392 -06:00 [INF] Bearer was not authenticated. Failure message: IDX10223: Lifetime validation failed. The token is expired. ValidTo (UTC): '9/22/2026 12:06:17 AM', Current time (UTC): '9/22/2026 7:59:23 PM'.
2026-09-22 13:59:23.399 -06:00 [INF] Executing endpoint 'HTTP: POST /api/v1/auth/refresh'
2026-09-22 13:59:23.420 -06:00 [INF] Ejecutando RefreshTokenCommand
2026-09-22 13:59:23.659 -06:00 [INF] RefreshTokenCommand completado
2026-09-22 13:59:23.670 -06:00 [INF] Setting HTTP status code 200.
2026-09-22 13:59:23.678 -06:00 [INF] Writing value of type 'RefreshTokenResponse' as Json.
2026-09-22 13:59:23.690 -06:00 [INF] Executed endpoint 'HTTP: POST /api/v1/auth/refresh'
2026-09-22 13:59:23.697 -06:00 [INF] Request finished HTTP/1.1 POST https://localhost:5081/api/v1/auth/refresh - 200 null application/json; charset=utf-8 318.2685ms
2026-09-22 13:59:23.704 -06:00 [INF] Request starting HTTP/1.1 GET https://localhost:5081/api/v1/auth/me - null null
2026-09-22 13:59:23.721 -06:00 [INF] Executing endpoint 'HTTP: GET /api/v1/auth/me'
2026-09-22 13:59:23.725 -06:00 [INF] Ejecutando GetCurrentUserQuery
2026-09-22 13:59:23.734 -06:00 [INF] GetCurrentUserQuery completado
2026-09-22 13:59:23.737 -06:00 [INF] Setting HTTP status code 200.
2026-09-22 13:59:23.741 -06:00 [INF] Writing value of type 'CurrentUserResponse' as Json.
2026-09-22 13:59:23.751 -06:00 [INF] Executed endpoint 'HTTP: GET /api/v1/auth/me'
2026-09-22 13:59:23.754 -06:00 [INF] Request finished HTTP/1.1 GET https://localhost:5081/api/v1/auth/me - 200 null application/json; charset=utf-8 49.7946ms
2026-09-22 13:59:28.681 -06:00 [INF] Request starting HTTP/1.1 GET https://localhost:5081/api/v1/academic/periods/current - null null
2026-09-22 13:59:28.682 -06:00 [INF] Request starting HTTP/1.1 GET https://localhost:5081/api/v1/catalog/regions - null null
2026-09-22 13:59:28.689 -06:00 [INF] Executing endpoint 'HTTP: GET /api/v1/academic/periods/current'
2026-09-22 13:59:28.694 -06:00 [INF] Executing endpoint 'HTTP: GET /api/v1/catalog/regions'
2026-09-22 13:59:28.700 -06:00 [INF] Ejecutando GetCurrentPeriodQuery
2026-09-22 13:59:28.702 -06:00 [INF] Ejecutando GetRegionsQuery
2026-09-22 13:59:28.708 -06:00 [INF] GetCurrentPeriodQuery completado
2026-09-22 13:59:28.708 -06:00 [INF] GetRegionsQuery completado
2026-09-22 13:59:28.710 -06:00 [INF] Setting HTTP status code 200.
2026-09-22 13:59:28.712 -06:00 [INF] Setting HTTP status code 200.
2026-09-22 13:59:28.715 -06:00 [INF] Writing value of type 'CurrentPeriodResponse' as Json.
2026-09-22 13:59:28.717 -06:00 [INF] Writing value of type 'List`1' as Json.
2026-09-22 13:59:28.722 -06:00 [INF] Executed endpoint 'HTTP: GET /api/v1/academic/periods/current'
2026-09-22 13:59:28.724 -06:00 [INF] Request finished HTTP/1.1 GET https://localhost:5081/api/v1/academic/periods/current - 200 null application/json; charset=utf-8 42.9859ms
2026-09-22 13:59:28.730 -06:00 [INF] Executed endpoint 'HTTP: GET /api/v1/catalog/regions'
2026-09-22 13:59:28.735 -06:00 [INF] Request finished HTTP/1.1 GET https://localhost:5081/api/v1/catalog/regions - 200 null application/json; charset=utf-8 52.8686ms
2026-09-22 13:59:28.738 -06:00 [INF] Request starting HTTP/1.1 GET https://localhost:5081/api/v1/payments/matrix?periodId=1e11697f1368455f50edeeef&page=1&pageSize=500 - null null
2026-09-22 13:59:28.738 -06:00 [INF] Request starting HTTP/1.1 GET https://localhost:5081/api/v1/payments/summary?monthCode=202609 - null null
2026-09-22 13:59:28.747 -06:00 [INF] Executing endpoint 'HTTP: GET /api/v1/payments/matrix'
2026-09-22 13:59:28.751 -06:00 [INF] Executing endpoint 'HTTP: GET /api/v1/payments/summary'
2026-09-22 13:59:28.758 -06:00 [INF] Ejecutando GetBillingSummaryQuery
2026-09-22 13:59:28.758 -06:00 [INF] Ejecutando GetPaymentMatrixQuery
2026-09-22 13:59:28.783 -06:00 [INF] GetBillingSummaryQuery completado
2026-09-22 13:59:28.786 -06:00 [INF] Setting HTTP status code 200.
2026-09-22 13:59:28.799 -06:00 [INF] Writing value of type 'BillingSummaryResponse' as Json.
2026-09-22 13:59:28.812 -06:00 [INF] Executed endpoint 'HTTP: GET /api/v1/payments/summary'
2026-09-22 13:59:28.814 -06:00 [INF] Request finished HTTP/1.1 GET https://localhost:5081/api/v1/payments/summary?monthCode=202609 - 200 null application/json; charset=utf-8 75.8004ms
2026-09-22 13:59:28.824 -06:00 [INF] GetPaymentMatrixQuery completado
2026-09-22 13:59:28.826 -06:00 [INF] Setting HTTP status code 200.
2026-09-22 13:59:28.832 -06:00 [INF] Writing value of type 'PagedResult`1' as Json.
2026-09-22 13:59:28.844 -06:00 [INF] Executed endpoint 'HTTP: GET /api/v1/payments/matrix'
2026-09-22 13:59:28.847 -06:00 [INF] Request finished HTTP/1.1 GET https://localhost:5081/api/v1/payments/matrix?periodId=1e11697f1368455f50edeeef&page=1&pageSize=500 - 200 null application/json; charset=utf-8 108.5662ms
2026-09-22 13:59:45.293 -06:00 [INF] Request starting HTTP/1.1 POST https://localhost:5081/api/v1/payments/manual - application/json 61
2026-09-22 13:59:45.297 -06:00 [INF] CORS policy execution successful.
2026-09-22 13:59:45.299 -06:00 [INF] Executing endpoint 'HTTP: POST /api/v1/payments/manual'
2026-09-22 13:59:45.318 -06:00 [INF] Ejecutando RegisterManualPaymentCommand
2026-09-22 13:59:45.375 -06:00 [INF] RegisterManualPaymentCommand completado
2026-09-22 13:59:45.377 -06:00 [INF] Setting HTTP status code 200.
2026-09-22 13:59:45.381 -06:00 [INF] Writing value of type 'ManualPaymentResponse' as Json.
2026-09-22 13:59:45.384 -06:00 [INF] Executed endpoint 'HTTP: POST /api/v1/payments/manual'
2026-09-22 13:59:45.387 -06:00 [INF] Request finished HTTP/1.1 POST https://localhost:5081/api/v1/payments/manual - 200 null application/json; charset=utf-8 93.6251ms
2026-09-22 13:59:45.396 -06:00 [INF] Request starting HTTP/1.1 GET https://localhost:5081/api/v1/payments/matrix?periodId=1e11697f1368455f50edeeef&page=1&pageSize=500 - null null
2026-09-22 13:59:45.397 -06:00 [INF] Request starting HTTP/1.1 GET https://localhost:5081/api/v1/payments/summary?monthCode=202609 - null null
2026-09-22 13:59:45.401 -06:00 [INF] Executing endpoint 'HTTP: GET /api/v1/payments/matrix'
2026-09-22 13:59:45.405 -06:00 [INF] Executing endpoint 'HTTP: GET /api/v1/payments/summary'
2026-09-22 13:59:45.407 -06:00 [INF] Ejecutando GetPaymentMatrixQuery
2026-09-22 13:59:45.409 -06:00 [INF] Ejecutando GetBillingSummaryQuery
2026-09-22 13:59:45.415 -06:00 [INF] GetPaymentMatrixQuery completado
2026-09-22 13:59:45.417 -06:00 [INF] Setting HTTP status code 200.
2026-09-22 13:59:45.419 -06:00 [INF] Writing value of type 'PagedResult`1' as Json.
2026-09-22 13:59:45.422 -06:00 [INF] Executed endpoint 'HTTP: GET /api/v1/payments/matrix'
2026-09-22 13:59:45.424 -06:00 [INF] Request finished HTTP/1.1 GET https://localhost:5081/api/v1/payments/matrix?periodId=1e11697f1368455f50edeeef&page=1&pageSize=500 - 200 null application/json; charset=utf-8 28.0639ms
2026-09-22 13:59:45.429 -06:00 [INF] GetBillingSummaryQuery completado
2026-09-22 13:59:45.432 -06:00 [INF] Setting HTTP status code 200.
2026-09-22 13:59:45.434 -06:00 [INF] Writing value of type 'BillingSummaryResponse' as Json.
2026-09-22 13:59:45.437 -06:00 [INF] Executed endpoint 'HTTP: GET /api/v1/payments/summary'
2026-09-22 13:59:45.439 -06:00 [INF] Request finished HTTP/1.1 GET https://localhost:5081/api/v1/payments/summary?monthCode=202609 - 200 null application/json; charset=utf-8 42.2903ms
2026-09-22 13:59:49.827 -06:00 [INF] Request starting HTTP/1.1 POST https://localhost:5081/api/v1/payments/receipt - application/json 61
2026-09-22 13:59:49.830 -06:00 [INF] CORS policy execution successful.
2026-09-22 13:59:49.832 -06:00 [INF] Executing endpoint 'HTTP: POST /api/v1/payments/receipt'
2026-09-22 13:59:49.935 -06:00 [INF] Ejecutando SendPaymentReceiptCommand
2026-09-22 13:59:50.635 -06:00 [INF] SendPaymentReceiptCommand completado
2026-09-22 13:59:50.637 -06:00 [INF] Setting HTTP status code 200.
2026-09-22 13:59:50.640 -06:00 [INF] Writing value of type 'SendPaymentReceiptResponse' as Json.
2026-09-22 13:59:50.645 -06:00 [INF] Executed endpoint 'HTTP: POST /api/v1/payments/receipt'
2026-09-22 13:59:50.647 -06:00 [INF] Request finished HTTP/1.1 POST https://localhost:5081/api/v1/payments/receipt - 200 null application/json; charset=utf-8 820.0146ms
2026-09-22 14:00:07.151 -06:00 [WRN] Fallo enviando mensaje de outbox 6ab2de36b917b3ca4cc0f3f5, intento 1
MailKit.Security.AuthenticationException: 535: 5.7.8 Username and Password not accepted. For more information, go to
5.7.8  https://support.google.com/mail/?p=BadCredentials 46e09a7af769-81603fc79cesm625881a34.10 - gsmtp
 ---> MailKit.Net.Smtp.SmtpCommandException: 5.7.8 Username and Password not accepted. For more information, go to
5.7.8  https://support.google.com/mail/?p=BadCredentials 46e09a7af769-81603fc79cesm625881a34.10 - gsmtp
   --- End of inner exception stack trace ---
   at MailKit.Net.Smtp.SmtpClient.AuthenticateAsync(Encoding encoding, ICredentials credentials, CancellationToken cancellationToken)
   at Shekinah.Infrastructure.Outbox.OutboxProcessor.SendEmailAsync(BsonDocument message, CancellationToken ct) in C:\NG\Angular\shekina-site\backend\src\Shekinah.Infrastructure\Outbox\OutboxProcessor.cs:line 112
   at Shekinah.Infrastructure.Outbox.OutboxProcessor.<>c__DisplayClass7_0.<<ProcessPendingAsync>b__0>d.MoveNext() in C:\NG\Angular\shekina-site\backend\src\Shekinah.Infrastructure\Outbox\OutboxProcessor.cs:line 53
--- End of stack trace from previous location ---
   at Polly.ResiliencePipeline.<>c.<<ExecuteAsync>b__3_0>d.MoveNext()
--- End of stack trace from previous location ---
   at Polly.Outcome`1.GetResultOrRethrow()
   at Polly.ResiliencePipeline.ExecuteAsync(Func`2 callback, CancellationToken cancellationToken)
   at Shekinah.Infrastructure.Outbox.OutboxProcessor.ProcessPendingAsync(CancellationToken ct) in C:\NG\Angular\shekina-site\backend\src\Shekinah.Infrastructure\Outbox\OutboxProcessor.cs:line 53
2026-09-22 14:00:25.718 -06:00 [WRN] Fallo enviando mensaje de outbox 6ab2de36b917b3ca4cc0f3f5, intento 2
MailKit.Security.AuthenticationException: 535: 5.7.8 Username and Password not accepted. For more information, go to
5.7.8  https://support.google.com/mail/?p=BadCredentials 46e09a7af769-816049bb6fbsm638694a34.23 - gsmtp
 ---> MailKit.Net.Smtp.SmtpCommandException: 5.7.8 Username and Password not accepted. For more information, go to
5.7.8  https://support.google.com/mail/?p=BadCredentials 46e09a7af769-816049bb6fbsm638694a34.23 - gsmtp
   --- End of inner exception stack trace ---
   at MailKit.Net.Smtp.SmtpClient.AuthenticateAsync(Encoding encoding, ICredentials credentials, CancellationToken cancellationToken)
   at Shekinah.Infrastructure.Outbox.OutboxProcessor.SendEmailAsync(BsonDocument message, CancellationToken ct) in C:\NG\Angular\shekina-site\backend\src\Shekinah.Infrastructure\Outbox\OutboxProcessor.cs:line 112
   at Shekinah.Infrastructure.Outbox.OutboxProcessor.<>c__DisplayClass7_0.<<ProcessPendingAsync>b__0>d.MoveNext() in C:\NG\Angular\shekina-site\backend\src\Shekinah.Infrastructure\Outbox\OutboxProcessor.cs:line 53
--- End of stack trace from previous location ---
   at Polly.ResiliencePipeline.<>c.<<ExecuteAsync>b__3_0>d.MoveNext()
--- End of stack trace from previous location ---
   at Polly.Outcome`1.GetResultOrRethrow()
   at Polly.ResiliencePipeline.ExecuteAsync(Func`2 callback, CancellationToken cancellationToken)
   at Shekinah.Infrastructure.Outbox.OutboxProcessor.ProcessPendingAsync(CancellationToken ct) in C:\NG\Angular\shekina-site\backend\src\Shekinah.Infrastructure\Outbox\OutboxProcessor.cs:line 53
2026-09-22 14:00:54.337 -06:00 [WRN] Fallo enviando mensaje de outbox 6ab2de36b917b3ca4cc0f3f5, intento 3
MailKit.Security.AuthenticationException: 535: 5.7.8 Username and Password not accepted. For more information, go to
5.7.8  https://support.google.com/mail/?p=BadCredentials 5614622812f47-4d5c44b5f6esm331301b6e.10 - gsmtp
 ---> MailKit.Net.Smtp.SmtpCommandException: 5.7.8 Username and Password not accepted. For more information, go to
5.7.8  https://support.google.com/mail/?p=BadCredentials 5614622812f47-4d5c44b5f6esm331301b6e.10 - gsmtp
   --- End of inner exception stack trace ---
   at MailKit.Net.Smtp.SmtpClient.AuthenticateAsync(Encoding encoding, ICredentials credentials, CancellationToken cancellationToken)
   at Shekinah.Infrastructure.Outbox.OutboxProcessor.SendEmailAsync(BsonDocument message, CancellationToken ct) in C:\NG\Angular\shekina-site\backend\src\Shekinah.Infrastructure\Outbox\OutboxProcessor.cs:line 112
   at Shekinah.Infrastructure.Outbox.OutboxProcessor.<>c__DisplayClass7_0.<<ProcessPendingAsync>b__0>d.MoveNext() in C:\NG\Angular\shekina-site\backend\src\Shekinah.Infrastructure\Outbox\OutboxProcessor.cs:line 53
--- End of stack trace from previous location ---
   at Polly.ResiliencePipeline.<>c.<<ExecuteAsync>b__3_0>d.MoveNext()
--- End of stack trace from previous location ---
   at Polly.Outcome`1.GetResultOrRethrow()
   at Polly.ResiliencePipeline.ExecuteAsync(Func`2 callback, CancellationToken cancellationToken)
   at Shekinah.Infrastructure.Outbox.OutboxProcessor.ProcessPendingAsync(CancellationToken ct) in C:\NG\Angular\shekina-site\backend\src\Shekinah.Infrastructure\Outbox\OutboxProcessor.cs:line 53
2026-09-22 14:01:42.979 -06:00 [WRN] Fallo enviando mensaje de outbox 6ab2de36b917b3ca4cc0f3f5, intento 4
MailKit.Security.AuthenticationException: 535: 5.7.8 Username and Password not accepted. For more information, go to
5.7.8  https://support.google.com/mail/?p=BadCredentials 46e09a7af769-816049b51b2sm615427a34.22 - gsmtp
 ---> MailKit.Net.Smtp.SmtpCommandException: 5.7.8 Username and Password not accepted. For more information, go to
5.7.8  https://support.google.com/mail/?p=BadCredentials 46e09a7af769-816049b51b2sm615427a34.22 - gsmtp
   --- End of inner exception stack trace ---
   at MailKit.Net.Smtp.SmtpClient.AuthenticateAsync(Encoding encoding, ICredentials credentials, CancellationToken cancellationToken)
   at Shekinah.Infrastructure.Outbox.OutboxProcessor.SendEmailAsync(BsonDocument message, CancellationToken ct) in C:\NG\Angular\shekina-site\backend\src\Shekinah.Infrastructure\Outbox\OutboxProcessor.cs:line 112
   at Shekinah.Infrastructure.Outbox.OutboxProcessor.<>c__DisplayClass7_0.<<ProcessPendingAsync>b__0>d.MoveNext() in C:\NG\Angular\shekina-site\backend\src\Shekinah.Infrastructure\Outbox\OutboxProcessor.cs:line 53
--- End of stack trace from previous location ---
   at Polly.ResiliencePipeline.<>c.<<ExecuteAsync>b__3_0>d.MoveNext()
--- End of stack trace from previous location ---
   at Polly.Outcome`1.GetResultOrRethrow()
   at Polly.ResiliencePipeline.ExecuteAsync(Func`2 callback, CancellationToken cancellationToken)
   at Shekinah.Infrastructure.Outbox.OutboxProcessor.ProcessPendingAsync(CancellationToken ct) in C:\NG\Angular\shekina-site\backend\src\Shekinah.Infrastructure\Outbox\OutboxProcessor.cs:line 53
2026-09-22 14:02:11.346 -06:00 [INF] Request starting HTTP/1.1 POST https://localhost:5081/api/v1/payments/receipt - application/json 61
2026-09-22 14:02:11.350 -06:00 [INF] CORS policy execution successful.
2026-09-22 14:02:11.352 -06:00 [INF] Executing endpoint 'HTTP: POST /api/v1/payments/receipt'
2026-09-22 14:02:11.355 -06:00 [INF] Ejecutando SendPaymentReceiptCommand
2026-09-22 14:02:11.405 -06:00 [INF] SendPaymentReceiptCommand completado
2026-09-22 14:02:11.406 -06:00 [INF] Setting HTTP status code 200.
2026-09-22 14:02:11.408 -06:00 [INF] Writing value of type 'SendPaymentReceiptResponse' as Json.
2026-09-22 14:02:11.410 -06:00 [INF] Executed endpoint 'HTTP: POST /api/v1/payments/receipt'
2026-09-22 14:02:11.412 -06:00 [INF] Request finished HTTP/1.1 POST https://localhost:5081/api/v1/payments/receipt - 200 null application/json; charset=utf-8 65.6316ms
2026-09-22 14:02:21.833 -06:00 [WRN] Fallo enviando mensaje de outbox 6ab2dec3b917b3ca4cc0f3f6, intento 1
MailKit.Security.AuthenticationException: 535: 5.7.8 Username and Password not accepted. For more information, go to
5.7.8  https://support.google.com/mail/?p=BadCredentials 46e09a7af769-81603acf456sm707984a34.5 - gsmtp
 ---> MailKit.Net.Smtp.SmtpCommandException: 5.7.8 Username and Password not accepted. For more information, go to
5.7.8  https://support.google.com/mail/?p=BadCredentials 46e09a7af769-81603acf456sm707984a34.5 - gsmtp
   --- End of inner exception stack trace ---
   at MailKit.Net.Smtp.SmtpClient.AuthenticateAsync(Encoding encoding, ICredentials credentials, CancellationToken cancellationToken)
   at Shekinah.Infrastructure.Outbox.OutboxProcessor.SendEmailAsync(BsonDocument message, CancellationToken ct) in C:\NG\Angular\shekina-site\backend\src\Shekinah.Infrastructure\Outbox\OutboxProcessor.cs:line 112
   at Shekinah.Infrastructure.Outbox.OutboxProcessor.<>c__DisplayClass7_0.<<ProcessPendingAsync>b__0>d.MoveNext() in C:\NG\Angular\shekina-site\backend\src\Shekinah.Infrastructure\Outbox\OutboxProcessor.cs:line 53
--- End of stack trace from previous location ---
   at Polly.ResiliencePipeline.<>c.<<ExecuteAsync>b__3_0>d.MoveNext()
--- End of stack trace from previous location ---
   at Polly.Outcome`1.GetResultOrRethrow()
   at Polly.ResiliencePipeline.ExecuteAsync(Func`2 callback, CancellationToken cancellationToken)
   at Shekinah.Infrastructure.Outbox.OutboxProcessor.ProcessPendingAsync(CancellationToken ct) in C:\NG\Angular\shekina-site\backend\src\Shekinah.Infrastructure\Outbox\OutboxProcessor.cs:line 53
2026-09-22 14:02:40.369 -06:00 [WRN] Fallo enviando mensaje de outbox 6ab2dec3b917b3ca4cc0f3f6, intento 2
MailKit.Security.AuthenticationException: 535: 5.7.8 Username and Password not accepted. For more information, go to
5.7.8  https://support.google.com/mail/?p=BadCredentials 006d021491bc7-6d2cee6b2b6sm614739eaf.11 - gsmtp
 ---> MailKit.Net.Smtp.SmtpCommandException: 5.7.8 Username and Password not accepted. For more information, go to
5.7.8  https://support.google.com/mail/?p=BadCredentials 006d021491bc7-6d2cee6b2b6sm614739eaf.11 - gsmtp
   --- End of inner exception stack trace ---
   at MailKit.Net.Smtp.SmtpClient.AuthenticateAsync(Encoding encoding, ICredentials credentials, CancellationToken cancellationToken)
   at Shekinah.Infrastructure.Outbox.OutboxProcessor.SendEmailAsync(BsonDocument message, CancellationToken ct) in C:\NG\Angular\shekina-site\backend\src\Shekinah.Infrastructure\Outbox\OutboxProcessor.cs:line 112
   at Shekinah.Infrastructure.Outbox.OutboxProcessor.<>c__DisplayClass7_0.<<ProcessPendingAsync>b__0>d.MoveNext() in C:\NG\Angular\shekina-site\backend\src\Shekinah.Infrastructure\Outbox\OutboxProcessor.cs:line 53
--- End of stack trace from previous location ---
   at Polly.ResiliencePipeline.<>c.<<ExecuteAsync>b__3_0>d.MoveNext()
--- End of stack trace from previous location ---
   at Polly.Outcome`1.GetResultOrRethrow()
   at Polly.ResiliencePipeline.ExecuteAsync(Func`2 callback, CancellationToken cancellationToken)
   at Shekinah.Infrastructure.Outbox.OutboxProcessor.ProcessPendingAsync(CancellationToken ct) in C:\NG\Angular\shekina-site\backend\src\Shekinah.Infrastructure\Outbox\OutboxProcessor.cs:line 53
2026-09-22 14:03:09.369 -06:00 [WRN] Fallo enviando mensaje de outbox 6ab2dec3b917b3ca4cc0f3f6, intento 3
MailKit.Security.AuthenticationException: 535: 5.7.8 Username and Password not accepted. For more information, go to
5.7.8  https://support.google.com/mail/?p=BadCredentials 586e51a60fabf-49089f51b7dsm555274fac.0 - gsmtp
 ---> MailKit.Net.Smtp.SmtpCommandException: 5.7.8 Username and Password not accepted. For more information, go to
5.7.8  https://support.google.com/mail/?p=BadCredentials 586e51a60fabf-49089f51b7dsm555274fac.0 - gsmtp
   --- End of inner exception stack trace ---
   at MailKit.Net.Smtp.SmtpClient.AuthenticateAsync(Encoding encoding, ICredentials credentials, CancellationToken cancellationToken)
   at Shekinah.Infrastructure.Outbox.OutboxProcessor.SendEmailAsync(BsonDocument message, CancellationToken ct) in C:\NG\Angular\shekina-site\backend\src\Shekinah.Infrastructure\Outbox\OutboxProcessor.cs:line 112
   at Shekinah.Infrastructure.Outbox.OutboxProcessor.<>c__DisplayClass7_0.<<ProcessPendingAsync>b__0>d.MoveNext() in C:\NG\Angular\shekina-site\backend\src\Shekinah.Infrastructure\Outbox\OutboxProcessor.cs:line 53
--- End of stack trace from previous location ---
   at Polly.ResiliencePipeline.<>c.<<ExecuteAsync>b__3_0>d.MoveNext()
--- End of stack trace from previous location ---
   at Polly.Outcome`1.GetResultOrRethrow()
   at Polly.ResiliencePipeline.ExecuteAsync(Func`2 callback, CancellationToken cancellationToken)
   at Shekinah.Infrastructure.Outbox.OutboxProcessor.ProcessPendingAsync(CancellationToken ct) in C:\NG\Angular\shekina-site\backend\src\Shekinah.Infrastructure\Outbox\OutboxProcessor.cs:line 53
2026-09-22 14:03:27.964 -06:00 [WRN] Fallo enviando mensaje de outbox 6ab2de36b917b3ca4cc0f3f5, intento 5
MailKit.Security.AuthenticationException: 535: 5.7.8 Username and Password not accepted. For more information, go to
5.7.8  https://support.google.com/mail/?p=BadCredentials 46e09a7af769-815fe992d85sm786466a34.0 - gsmtp
 ---> MailKit.Net.Smtp.SmtpCommandException: 5.7.8 Username and Password not accepted. For more information, go to
5.7.8  https://support.google.com/mail/?p=BadCredentials 46e09a7af769-815fe992d85sm786466a34.0 - gsmtp
   --- End of inner exception stack trace ---
   at MailKit.Net.Smtp.SmtpClient.AuthenticateAsync(Encoding encoding, ICredentials credentials, CancellationToken cancellationToken)
   at Shekinah.Infrastructure.Outbox.OutboxProcessor.SendEmailAsync(BsonDocument message, CancellationToken ct) in C:\NG\Angular\shekina-site\backend\src\Shekinah.Infrastructure\Outbox\OutboxProcessor.cs:line 112
   at Shekinah.Infrastructure.Outbox.OutboxProcessor.<>c__DisplayClass7_0.<<ProcessPendingAsync>b__0>d.MoveNext() in C:\NG\Angular\shekina-site\backend\src\Shekinah.Infrastructure\Outbox\OutboxProcessor.cs:line 53
--- End of stack trace from previous location ---
   at Polly.ResiliencePipeline.<>c.<<ExecuteAsync>b__3_0>d.MoveNext()
--- End of stack trace from previous location ---
   at Polly.Outcome`1.GetResultOrRethrow()
   at Polly.ResiliencePipeline.ExecuteAsync(Func`2 callback, CancellationToken cancellationToken)
   at Shekinah.Infrastructure.Outbox.OutboxProcessor.ProcessPendingAsync(CancellationToken ct) in C:\NG\Angular\shekina-site\backend\src\Shekinah.Infrastructure\Outbox\OutboxProcessor.cs:line 53
2026-09-22 14:03:32.588 -06:00 [INF] Request starting HTTP/1.1 DELETE https://localhost:5081/api/v1/payments/manual?studentId=f739f9a8df96fc2591af7bee&monthCode=202609 - null 0
2026-09-22 14:03:32.592 -06:00 [INF] CORS policy execution successful.
2026-09-22 14:03:32.594 -06:00 [INF] Executing endpoint 'HTTP: DELETE /api/v1/payments/manual'
2026-09-22 14:03:32.599 -06:00 [INF] Ejecutando UndoManualPaymentCommand
2026-09-22 14:03:32.620 -06:00 [INF] UndoManualPaymentCommand completado
2026-09-22 14:03:32.622 -06:00 [INF] Setting HTTP status code 200.
2026-09-22 14:03:32.624 -06:00 [INF] Writing value of type 'ManualPaymentResponse' as Json.
2026-09-22 14:03:32.625 -06:00 [INF] Executed endpoint 'HTTP: DELETE /api/v1/payments/manual'
2026-09-22 14:03:32.628 -06:00 [INF] Request finished HTTP/1.1 DELETE https://localhost:5081/api/v1/payments/manual?studentId=f739f9a8df96fc2591af7bee&monthCode=202609 - 200 null application/json; charset=utf-8 39.553ms
2026-09-22 14:03:32.637 -06:00 [INF] Request starting HTTP/1.1 GET https://localhost:5081/api/v1/payments/matrix?periodId=1e11697f1368455f50edeeef&page=1&pageSize=500 - null null
2026-09-22 14:03:32.637 -06:00 [INF] Request starting HTTP/1.1 GET https://localhost:5081/api/v1/payments/summary?monthCode=202609 - null null
2026-09-22 14:03:32.641 -06:00 [INF] Executing endpoint 'HTTP: GET /api/v1/payments/matrix'
2026-09-22 14:03:32.645 -06:00 [INF] Executing endpoint 'HTTP: GET /api/v1/payments/summary'
2026-09-22 14:03:32.654 -06:00 [INF] Ejecutando GetPaymentMatrixQuery
2026-09-22 14:03:32.654 -06:00 [INF] Ejecutando GetBillingSummaryQuery
2026-09-22 14:03:32.658 -06:00 [INF] GetPaymentMatrixQuery completado
2026-09-22 14:03:32.659 -06:00 [INF] GetBillingSummaryQuery completado
2026-09-22 14:03:32.660 -06:00 [INF] Setting HTTP status code 200.
2026-09-22 14:03:32.662 -06:00 [INF] Setting HTTP status code 200.
2026-09-22 14:03:32.664 -06:00 [INF] Writing value of type 'PagedResult`1' as Json.
2026-09-22 14:03:32.666 -06:00 [INF] Writing value of type 'BillingSummaryResponse' as Json.
2026-09-22 14:03:32.668 -06:00 [INF] Executed endpoint 'HTTP: GET /api/v1/payments/matrix'
2026-09-22 14:03:32.669 -06:00 [INF] Executed endpoint 'HTTP: GET /api/v1/payments/summary'
2026-09-22 14:03:32.671 -06:00 [INF] Request finished HTTP/1.1 GET https://localhost:5081/api/v1/payments/matrix?periodId=1e11697f1368455f50edeeef&page=1&pageSize=500 - 200 null application/json; charset=utf-8 34.6503ms
2026-09-22 14:03:32.673 -06:00 [INF] Request finished HTTP/1.1 GET https://localhost:5081/api/v1/payments/summary?monthCode=202609 - 200 null application/json; charset=utf-8 36.3473ms
2026-09-22 14:03:46.135 -06:00 [INF] Request starting HTTP/1.1 POST https://localhost:5081/api/v1/payments/notices - application/json 2
2026-09-22 14:03:46.139 -06:00 [INF] CORS policy execution successful.
2026-09-22 14:03:46.140 -06:00 [INF] Executing endpoint 'HTTP: POST /api/v1/payments/notices'
2026-09-22 14:03:46.144 -06:00 [INF] Ejecutando IssueNoticesCommand
2026-09-22 14:03:46.178 -06:00 [INF] IssueNoticesCommand completado
2026-09-22 14:03:46.180 -06:00 [INF] Setting HTTP status code 200.
2026-09-22 14:03:46.183 -06:00 [INF] Writing value of type 'IssueNoticesResponse' as Json.
2026-09-22 14:03:46.186 -06:00 [INF] Executed endpoint 'HTTP: POST /api/v1/payments/notices'
2026-09-22 14:03:46.188 -06:00 [INF] Request finished HTTP/1.1 POST https://localhost:5081/api/v1/payments/notices - 200 null application/json; charset=utf-8 52.6158ms
2026-09-22 14:03:46.197 -06:00 [INF] Request starting HTTP/1.1 GET https://localhost:5081/api/v1/payments/matrix?periodId=1e11697f1368455f50edeeef&page=1&pageSize=500 - null null
2026-09-22 14:03:46.198 -06:00 [INF] Request starting HTTP/1.1 GET https://localhost:5081/api/v1/payments/summary?monthCode=202609 - null null
2026-09-22 14:03:46.201 -06:00 [INF] Executing endpoint 'HTTP: GET /api/v1/payments/matrix'
2026-09-22 14:03:46.204 -06:00 [INF] Executing endpoint 'HTTP: GET /api/v1/payments/summary'
2026-09-22 14:03:46.205 -06:00 [INF] Ejecutando GetPaymentMatrixQuery
2026-09-22 14:03:46.207 -06:00 [INF] Ejecutando GetBillingSummaryQuery
2026-09-22 14:03:46.212 -06:00 [INF] GetPaymentMatrixQuery completado
2026-09-22 14:03:46.212 -06:00 [INF] GetBillingSummaryQuery completado
2026-09-22 14:03:46.213 -06:00 [INF] Setting HTTP status code 200.
2026-09-22 14:03:46.215 -06:00 [INF] Setting HTTP status code 200.
2026-09-22 14:03:46.217 -06:00 [INF] Writing value of type 'PagedResult`1' as Json.
2026-09-22 14:03:46.218 -06:00 [INF] Writing value of type 'BillingSummaryResponse' as Json.
2026-09-22 14:03:46.220 -06:00 [INF] Executed endpoint 'HTTP: GET /api/v1/payments/matrix'
2026-09-22 14:03:46.222 -06:00 [INF] Executed endpoint 'HTTP: GET /api/v1/payments/summary'
2026-09-22 14:03:46.223 -06:00 [INF] Request finished HTTP/1.1 GET https://localhost:5081/api/v1/payments/matrix?periodId=1e11697f1368455f50edeeef&page=1&pageSize=500 - 200 null application/json; charset=utf-8 26.085ms
2026-09-22 14:03:46.225 -06:00 [INF] Request finished HTTP/1.1 GET https://localhost:5081/api/v1/payments/summary?monthCode=202609 - 200 null application/json; charset=utf-8 27.6997ms
2026-09-22 14:03:56.625 -06:00 [WRN] Fallo enviando mensaje de outbox 6ab2df22b917b3ca4cc0f3f7, intento 1
MailKit.Security.AuthenticationException: 535: 5.7.8 Username and Password not accepted. For more information, go to
5.7.8  https://support.google.com/mail/?p=BadCredentials 006d021491bc7-6d2cf553d9asm552189eaf.14 - gsmtp
 ---> MailKit.Net.Smtp.SmtpCommandException: 5.7.8 Username and Password not accepted. For more information, go to
5.7.8  https://support.google.com/mail/?p=BadCredentials 006d021491bc7-6d2cf553d9asm552189eaf.14 - gsmtp
   --- End of inner exception stack trace ---
   at MailKit.Net.Smtp.SmtpClient.AuthenticateAsync(Encoding encoding, ICredentials credentials, CancellationToken cancellationToken)
   at Shekinah.Infrastructure.Outbox.OutboxProcessor.SendEmailAsync(BsonDocument message, CancellationToken ct) in C:\NG\Angular\shekina-site\backend\src\Shekinah.Infrastructure\Outbox\OutboxProcessor.cs:line 112
   at Shekinah.Infrastructure.Outbox.OutboxProcessor.<>c__DisplayClass7_0.<<ProcessPendingAsync>b__0>d.MoveNext() in C:\NG\Angular\shekina-site\backend\src\Shekinah.Infrastructure\Outbox\OutboxProcessor.cs:line 53
--- End of stack trace from previous location ---
   at Polly.ResiliencePipeline.<>c.<<ExecuteAsync>b__3_0>d.MoveNext()
--- End of stack trace from previous location ---
   at Polly.Outcome`1.GetResultOrRethrow()
   at Polly.ResiliencePipeline.ExecuteAsync(Func`2 callback, CancellationToken cancellationToken)
   at Shekinah.Infrastructure.Outbox.OutboxProcessor.ProcessPendingAsync(CancellationToken ct) in C:\NG\Angular\shekina-site\backend\src\Shekinah.Infrastructure\Outbox\OutboxProcessor.cs:line 53
2026-09-22 14:04:05.209 -06:00 [WRN] Fallo enviando mensaje de outbox 6ab2df22b917b3ca4cc0f3f8, intento 1
MailKit.Security.AuthenticationException: 535: 5.7.8 Username and Password not accepted. For more information, go to
5.7.8  https://support.google.com/mail/?p=BadCredentials 5614622812f47-4d5c3e813d8sm303904b6e.5 - gsmtp
 ---> MailKit.Net.Smtp.SmtpCommandException: 5.7.8 Username and Password not accepted. For more information, go to
5.7.8  https://support.google.com/mail/?p=BadCredentials 5614622812f47-4d5c3e813d8sm303904b6e.5 - gsmtp
   --- End of inner exception stack trace ---
   at MailKit.Net.Smtp.SmtpClient.AuthenticateAsync(Encoding encoding, ICredentials credentials, CancellationToken cancellationToken)
   at Shekinah.Infrastructure.Outbox.OutboxProcessor.SendEmailAsync(BsonDocument message, CancellationToken ct) in C:\NG\Angular\shekina-site\backend\src\Shekinah.Infrastructure\Outbox\OutboxProcessor.cs:line 112
   at Shekinah.Infrastructure.Outbox.OutboxProcessor.<>c__DisplayClass7_0.<<ProcessPendingAsync>b__0>d.MoveNext() in C:\NG\Angular\shekina-site\backend\src\Shekinah.Infrastructure\Outbox\OutboxProcessor.cs:line 53
--- End of stack trace from previous location ---
   at Polly.ResiliencePipeline.<>c.<<ExecuteAsync>b__3_0>d.MoveNext()
--- End of stack trace from previous location ---
   at Polly.Outcome`1.GetResultOrRethrow()
   at Polly.ResiliencePipeline.ExecuteAsync(Func`2 callback, CancellationToken cancellationToken)
   at Shekinah.Infrastructure.Outbox.OutboxProcessor.ProcessPendingAsync(CancellationToken ct) in C:\NG\Angular\shekina-site\backend\src\Shekinah.Infrastructure\Outbox\OutboxProcessor.cs:line 53
2026-09-22 14:04:13.895 -06:00 [WRN] Fallo enviando mensaje de outbox 6ab2df22b917b3ca4cc0f3f9, intento 1
MailKit.Security.AuthenticationException: 535: 5.7.8 Username and Password not accepted. For more information, go to
5.7.8  https://support.google.com/mail/?p=BadCredentials 586e51a60fabf-4908e02769dsm538756fac.3 - gsmtp
 ---> MailKit.Net.Smtp.SmtpCommandException: 5.7.8 Username and Password not accepted. For more information, go to
5.7.8  https://support.google.com/mail/?p=BadCredentials 586e51a60fabf-4908e02769dsm538756fac.3 - gsmtp
   --- End of inner exception stack trace ---
   at MailKit.Net.Smtp.SmtpClient.AuthenticateAsync(Encoding encoding, ICredentials credentials, CancellationToken cancellationToken)
   at Shekinah.Infrastructure.Outbox.OutboxProcessor.SendEmailAsync(BsonDocument message, CancellationToken ct) in C:\NG\Angular\shekina-site\backend\src\Shekinah.Infrastructure\Outbox\OutboxProcessor.cs:line 112
   at Shekinah.Infrastructure.Outbox.OutboxProcessor.<>c__DisplayClass7_0.<<ProcessPendingAsync>b__0>d.MoveNext() in C:\NG\Angular\shekina-site\backend\src\Shekinah.Infrastructure\Outbox\OutboxProcessor.cs:line 53
--- End of stack trace from previous location ---
   at Polly.ResiliencePipeline.<>c.<<ExecuteAsync>b__3_0>d.MoveNext()
--- End of stack trace from previous location ---
   at Polly.Outcome`1.GetResultOrRethrow()
   at Polly.ResiliencePipeline.ExecuteAsync(Func`2 callback, CancellationToken cancellationToken)
   at Shekinah.Infrastructure.Outbox.OutboxProcessor.ProcessPendingAsync(CancellationToken ct) in C:\NG\Angular\shekina-site\backend\src\Shekinah.Infrastructure\Outbox\OutboxProcessor.cs:line 53
2026-09-22 14:04:29.393 -06:00 [INF] Request starting HTTP/1.1 POST https://localhost:5081/api/v1/payments/notices - application/json 2
2026-09-22 14:04:29.397 -06:00 [INF] CORS policy execution successful.
2026-09-22 14:04:29.398 -06:00 [INF] Executing endpoint 'HTTP: POST /api/v1/payments/notices'
2026-09-22 14:04:29.401 -06:00 [INF] Ejecutando IssueNoticesCommand
2026-09-22 14:04:29.423 -06:00 [INF] IssueNoticesCommand completado
2026-09-22 14:04:29.425 -06:00 [INF] Setting HTTP status code 200.
2026-09-22 14:04:29.427 -06:00 [INF] Writing value of type 'IssueNoticesResponse' as Json.
2026-09-22 14:04:29.429 -06:00 [INF] Executed endpoint 'HTTP: POST /api/v1/payments/notices'
2026-09-22 14:04:29.431 -06:00 [INF] Request finished HTTP/1.1 POST https://localhost:5081/api/v1/payments/notices - 200 null application/json; charset=utf-8 37.6699ms
2026-09-22 14:04:29.440 -06:00 [INF] Request starting HTTP/1.1 GET https://localhost:5081/api/v1/payments/matrix?periodId=1e11697f1368455f50edeeef&page=1&pageSize=500 - null null
2026-09-22 14:04:29.440 -06:00 [INF] Request starting HTTP/1.1 GET https://localhost:5081/api/v1/payments/summary?monthCode=202609 - null null
2026-09-22 14:04:29.444 -06:00 [INF] Executing endpoint 'HTTP: GET /api/v1/payments/matrix'
2026-09-22 14:04:29.447 -06:00 [INF] Executing endpoint 'HTTP: GET /api/v1/payments/summary'
2026-09-22 14:04:29.448 -06:00 [INF] Ejecutando GetPaymentMatrixQuery
2026-09-22 14:04:29.450 -06:00 [INF] Ejecutando GetBillingSummaryQuery
2026-09-22 14:04:29.454 -06:00 [INF] GetPaymentMatrixQuery completado
2026-09-22 14:04:29.454 -06:00 [INF] GetBillingSummaryQuery completado
2026-09-22 14:04:29.455 -06:00 [INF] Setting HTTP status code 200.
2026-09-22 14:04:29.457 -06:00 [INF] Setting HTTP status code 200.
2026-09-22 14:04:29.459 -06:00 [INF] Writing value of type 'PagedResult`1' as Json.
2026-09-22 14:04:29.461 -06:00 [INF] Writing value of type 'BillingSummaryResponse' as Json.
2026-09-22 14:04:29.463 -06:00 [INF] Executed endpoint 'HTTP: GET /api/v1/payments/matrix'
2026-09-22 14:04:29.464 -06:00 [INF] Executed endpoint 'HTTP: GET /api/v1/payments/summary'
2026-09-22 14:04:29.466 -06:00 [INF] Request finished HTTP/1.1 GET https://localhost:5081/api/v1/payments/matrix?periodId=1e11697f1368455f50edeeef&page=1&pageSize=500 - 200 null application/json; charset=utf-8 26.0373ms
2026-09-22 14:04:29.468 -06:00 [INF] Request finished HTTP/1.1 GET https://localhost:5081/api/v1/payments/summary?monthCode=202609 - 200 null application/json; charset=utf-8 27.742ms
2026-09-22 14:04:32.607 -06:00 [WRN] Fallo enviando mensaje de outbox 6ab2dec3b917b3ca4cc0f3f6, intento 4
MailKit.Security.AuthenticationException: 535: 5.7.8 Username and Password not accepted. For more information, go to
5.7.8  https://support.google.com/mail/?p=BadCredentials 5614622812f47-4d5c3d7f3ccsm354652b6e.6 - gsmtp
 ---> MailKit.Net.Smtp.SmtpCommandException: 5.7.8 Username and Password not accepted. For more information, go to
5.7.8  https://support.google.com/mail/?p=BadCredentials 5614622812f47-4d5c3d7f3ccsm354652b6e.6 - gsmtp
   --- End of inner exception stack trace ---
   at MailKit.Net.Smtp.SmtpClient.AuthenticateAsync(Encoding encoding, ICredentials credentials, CancellationToken cancellationToken)
   at Shekinah.Infrastructure.Outbox.OutboxProcessor.SendEmailAsync(BsonDocument message, CancellationToken ct) in C:\NG\Angular\shekina-site\backend\src\Shekinah.Infrastructure\Outbox\OutboxProcessor.cs:line 112
   at Shekinah.Infrastructure.Outbox.OutboxProcessor.<>c__DisplayClass7_0.<<ProcessPendingAsync>b__0>d.MoveNext() in C:\NG\Angular\shekina-site\backend\src\Shekinah.Infrastructure\Outbox\OutboxProcessor.cs:line 53
--- End of stack trace from previous location ---
   at Polly.ResiliencePipeline.<>c.<<ExecuteAsync>b__3_0>d.MoveNext()
--- End of stack trace from previous location ---
   at Polly.Outcome`1.GetResultOrRethrow()
   at Polly.ResiliencePipeline.ExecuteAsync(Func`2 callback, CancellationToken cancellationToken)
   at Shekinah.Infrastructure.Outbox.OutboxProcessor.ProcessPendingAsync(CancellationToken ct) in C:\NG\Angular\shekina-site\backend\src\Shekinah.Infrastructure\Outbox\OutboxProcessor.cs:line 53
2026-09-22 14:04:41.185 -06:00 [WRN] Fallo enviando mensaje de outbox 6ab2df22b917b3ca4cc0f3f7, intento 2
MailKit.Security.AuthenticationException: 535: 5.7.8 Username and Password not accepted. For more information, go to
5.7.8  https://support.google.com/mail/?p=BadCredentials 5614622812f47-4d5c4ae6056sm377351b6e.13 - gsmtp
 ---> MailKit.Net.Smtp.SmtpCommandException: 5.7.8 Username and Password not accepted. For more information, go to
5.7.8  https://support.google.com/mail/?p=BadCredentials 5614622812f47-4d5c4ae6056sm377351b6e.13 - gsmtp
   --- End of inner exception stack trace ---
   at MailKit.Net.Smtp.SmtpClient.AuthenticateAsync(Encoding encoding, ICredentials credentials, CancellationToken cancellationToken)
   at Shekinah.Infrastructure.Outbox.OutboxProcessor.SendEmailAsync(BsonDocument message, CancellationToken ct) in C:\NG\Angular\shekina-site\backend\src\Shekinah.Infrastructure\Outbox\OutboxProcessor.cs:line 112
   at Shekinah.Infrastructure.Outbox.OutboxProcessor.<>c__DisplayClass7_0.<<ProcessPendingAsync>b__0>d.MoveNext() in C:\NG\Angular\shekina-site\backend\src\Shekinah.Infrastructure\Outbox\OutboxProcessor.cs:line 53
--- End of stack trace from previous location ---
   at Polly.ResiliencePipeline.<>c.<<ExecuteAsync>b__3_0>d.MoveNext()
--- End of stack trace from previous location ---
   at Polly.Outcome`1.GetResultOrRethrow()
   at Polly.ResiliencePipeline.ExecuteAsync(Func`2 callback, CancellationToken cancellationToken)
   at Shekinah.Infrastructure.Outbox.OutboxProcessor.ProcessPendingAsync(CancellationToken ct) in C:\NG\Angular\shekina-site\backend\src\Shekinah.Infrastructure\Outbox\OutboxProcessor.cs:line 53
2026-09-22 14:04:49.719 -06:00 [WRN] Fallo enviando mensaje de outbox 6ab2df22b917b3ca4cc0f3f8, intento 2
MailKit.Security.AuthenticationException: 535: 5.7.8 Username and Password not accepted. For more information, go to
5.7.8  https://support.google.com/mail/?p=BadCredentials 586e51a60fabf-4908e11e7acsm541657fac.5 - gsmtp
 ---> MailKit.Net.Smtp.SmtpCommandException: 5.7.8 Username and Password not accepted. For more information, go to
5.7.8  https://support.google.com/mail/?p=BadCredentials 586e51a60fabf-4908e11e7acsm541657fac.5 - gsmtp
   --- End of inner exception stack trace ---
   at MailKit.Net.Smtp.SmtpClient.AuthenticateAsync(Encoding encoding, ICredentials credentials, CancellationToken cancellationToken)
   at Shekinah.Infrastructure.Outbox.OutboxProcessor.SendEmailAsync(BsonDocument message, CancellationToken ct) in C:\NG\Angular\shekina-site\backend\src\Shekinah.Infrastructure\Outbox\OutboxProcessor.cs:line 112
   at Shekinah.Infrastructure.Outbox.OutboxProcessor.<>c__DisplayClass7_0.<<ProcessPendingAsync>b__0>d.MoveNext() in C:\NG\Angular\shekina-site\backend\src\Shekinah.Infrastructure\Outbox\OutboxProcessor.cs:line 53
--- End of stack trace from previous location ---
   at Polly.ResiliencePipeline.<>c.<<ExecuteAsync>b__3_0>d.MoveNext()
--- End of stack trace from previous location ---
   at Polly.Outcome`1.GetResultOrRethrow()
   at Polly.ResiliencePipeline.ExecuteAsync(Func`2 callback, CancellationToken cancellationToken)
   at Shekinah.Infrastructure.Outbox.OutboxProcessor.ProcessPendingAsync(CancellationToken ct) in C:\NG\Angular\shekina-site\backend\src\Shekinah.Infrastructure\Outbox\OutboxProcessor.cs:line 53
2026-09-22 14:04:58.555 -06:00 [WRN] Fallo enviando mensaje de outbox 6ab2df22b917b3ca4cc0f3f9, intento 2
MailKit.Security.AuthenticationException: 535: 5.7.8 Username and Password not accepted. For more information, go to
5.7.8  https://support.google.com/mail/?p=BadCredentials 5614622812f47-4d5c3d7f3ccsm355577b6e.6 - gsmtp
 ---> MailKit.Net.Smtp.SmtpCommandException: 5.7.8 Username and Password not accepted. For more information, go to
5.7.8  https://support.google.com/mail/?p=BadCredentials 5614622812f47-4d5c3d7f3ccsm355577b6e.6 - gsmtp
   --- End of inner exception stack trace ---
   at MailKit.Net.Smtp.SmtpClient.AuthenticateAsync(Encoding encoding, ICredentials credentials, CancellationToken cancellationToken)
   at Shekinah.Infrastructure.Outbox.OutboxProcessor.SendEmailAsync(BsonDocument message, CancellationToken ct) in C:\NG\Angular\shekina-site\backend\src\Shekinah.Infrastructure\Outbox\OutboxProcessor.cs:line 112
   at Shekinah.Infrastructure.Outbox.OutboxProcessor.<>c__DisplayClass7_0.<<ProcessPendingAsync>b__0>d.MoveNext() in C:\NG\Angular\shekina-site\backend\src\Shekinah.Infrastructure\Outbox\OutboxProcessor.cs:line 53
--- End of stack trace from previous location ---
   at Polly.ResiliencePipeline.<>c.<<ExecuteAsync>b__3_0>d.MoveNext()
--- End of stack trace from previous location ---
   at Polly.Outcome`1.GetResultOrRethrow()
   at Polly.ResiliencePipeline.ExecuteAsync(Func`2 callback, CancellationToken cancellationToken)
   at Shekinah.Infrastructure.Outbox.OutboxProcessor.ProcessPendingAsync(CancellationToken ct) in C:\NG\Angular\shekina-site\backend\src\Shekinah.Infrastructure\Outbox\OutboxProcessor.cs:line 53
2026-09-22 14:05:02.490 -06:00 [INF] Request starting HTTP/1.1 GET https://localhost:5081/api/v1/academic/periods - null null
2026-09-22 14:05:02.490 -06:00 [INF] Request starting HTTP/1.1 GET https://localhost:5081/api/v1/academic/offerings - null null
2026-09-22 14:05:02.497 -06:00 [INF] Executing endpoint 'HTTP: GET /api/v1/academic/periods'
2026-09-22 14:05:02.500 -06:00 [INF] Executing endpoint 'HTTP: GET /api/v1/academic/offerings'
2026-09-22 14:05:02.502 -06:00 [INF] Executed endpoint 'HTTP: GET /api/v1/academic/periods'
2026-09-22 14:05:02.503 -06:00 [INF] Executed endpoint 'HTTP: GET /api/v1/academic/offerings'
2026-09-22 14:05:02.508 -06:00 [ERR] Excepción no controlada procesando /api/v1/academic/periods
Microsoft.AspNetCore.Http.BadHttpRequestException: Required parameter "int page" was not provided from query string.
   at lambda_method87(Closure, Object, HttpContext)
   at Microsoft.AspNetCore.Routing.EndpointMiddleware.Invoke(HttpContext httpContext)
   at Microsoft.AspNetCore.Authorization.AuthorizationMiddleware.Invoke(HttpContext context)
   at Microsoft.AspNetCore.Authentication.AuthenticationMiddleware.Invoke(HttpContext context)
   at Program.<>c.<<<Main>$>b__0_4>d.MoveNext() in C:\NG\Angular\shekina-site\backend\src\Shekinah.Api\Program.cs:line 94
--- End of stack trace from previous location ---
   at Microsoft.AspNetCore.Diagnostics.ExceptionHandlerMiddlewareImpl.<Invoke>g__Awaited|10_0(ExceptionHandlerMiddlewareImpl middleware, HttpContext context, Task task)
2026-09-22 14:05:02.508 -06:00 [ERR] Excepción no controlada procesando /api/v1/academic/offerings
Microsoft.AspNetCore.Http.BadHttpRequestException: Required parameter "string periodId" was not provided from query string.
   at lambda_method90(Closure, Object, HttpContext)
   at Microsoft.AspNetCore.Routing.EndpointMiddleware.Invoke(HttpContext httpContext)
   at Microsoft.AspNetCore.Authorization.AuthorizationMiddleware.Invoke(HttpContext context)
   at Microsoft.AspNetCore.Authentication.AuthenticationMiddleware.Invoke(HttpContext context)
   at Program.<>c.<<<Main>$>b__0_4>d.MoveNext() in C:\NG\Angular\shekina-site\backend\src\Shekinah.Api\Program.cs:line 94
--- End of stack trace from previous location ---
   at Microsoft.AspNetCore.Diagnostics.ExceptionHandlerMiddlewareImpl.<Invoke>g__Awaited|10_0(ExceptionHandlerMiddlewareImpl middleware, HttpContext context, Task task)
2026-09-22 14:05:02.517 -06:00 [INF] Request finished HTTP/1.1 GET https://localhost:5081/api/v1/academic/periods - 500 null application/json; charset=utf-8 26.4939ms
2026-09-22 14:05:02.517 -06:00 [INF] Request finished HTTP/1.1 GET https://localhost:5081/api/v1/academic/offerings - 500 null application/json; charset=utf-8 26.5559ms
2026-09-22 14:05:17.120 -06:00 [WRN] Fallo enviando mensaje de outbox 6ab2df4db917b3ca4cc0f3fa, intento 1
MailKit.Security.AuthenticationException: 535: 5.7.8 Username and Password not accepted. For more information, go to
5.7.8  https://support.google.com/mail/?p=BadCredentials 46e09a7af769-81603acf456sm716852a34.5 - gsmtp
 ---> MailKit.Net.Smtp.SmtpCommandException: 5.7.8 Username and Password not accepted. For more information, go to
5.7.8  https://support.google.com/mail/?p=BadCredentials 46e09a7af769-81603acf456sm716852a34.5 - gsmtp
   --- End of inner exception stack trace ---
   at MailKit.Net.Smtp.SmtpClient.AuthenticateAsync(Encoding encoding, ICredentials credentials, CancellationToken cancellationToken)
   at Shekinah.Infrastructure.Outbox.OutboxProcessor.SendEmailAsync(BsonDocument message, CancellationToken ct) in C:\NG\Angular\shekina-site\backend\src\Shekinah.Infrastructure\Outbox\OutboxProcessor.cs:line 112
   at Shekinah.Infrastructure.Outbox.OutboxProcessor.<>c__DisplayClass7_0.<<ProcessPendingAsync>b__0>d.MoveNext() in C:\NG\Angular\shekina-site\backend\src\Shekinah.Infrastructure\Outbox\OutboxProcessor.cs:line 53
--- End of stack trace from previous location ---
   at Polly.ResiliencePipeline.<>c.<<ExecuteAsync>b__3_0>d.MoveNext()
--- End of stack trace from previous location ---
   at Polly.Outcome`1.GetResultOrRethrow()
   at Polly.ResiliencePipeline.ExecuteAsync(Func`2 callback, CancellationToken cancellationToken)
   at Shekinah.Infrastructure.Outbox.OutboxProcessor.ProcessPendingAsync(CancellationToken ct) in C:\NG\Angular\shekina-site\backend\src\Shekinah.Infrastructure\Outbox\OutboxProcessor.cs:line 53
2026-09-22 14:05:25.663 -06:00 [WRN] Fallo enviando mensaje de outbox 6ab2df4db917b3ca4cc0f3fb, intento 1
MailKit.Security.AuthenticationException: 535: 5.7.8 Username and Password not accepted. For more information, go to
5.7.8  https://support.google.com/mail/?p=BadCredentials 46e09a7af769-81603fc87e3sm814690a34.11 - gsmtp
 ---> MailKit.Net.Smtp.SmtpCommandException: 5.7.8 Username and Password not accepted. For more information, go to
5.7.8  https://support.google.com/mail/?p=BadCredentials 46e09a7af769-81603fc87e3sm814690a34.11 - gsmtp
   --- End of inner exception stack trace ---
   at MailKit.Net.Smtp.SmtpClient.AuthenticateAsync(Encoding encoding, ICredentials credentials, CancellationToken cancellationToken)
   at Shekinah.Infrastructure.Outbox.OutboxProcessor.SendEmailAsync(BsonDocument message, CancellationToken ct) in C:\NG\Angular\shekina-site\backend\src\Shekinah.Infrastructure\Outbox\OutboxProcessor.cs:line 112
   at Shekinah.Infrastructure.Outbox.OutboxProcessor.<>c__DisplayClass7_0.<<ProcessPendingAsync>b__0>d.MoveNext() in C:\NG\Angular\shekina-site\backend\src\Shekinah.Infrastructure\Outbox\OutboxProcessor.cs:line 53
--- End of stack trace from previous location ---
   at Polly.ResiliencePipeline.<>c.<<ExecuteAsync>b__3_0>d.MoveNext()
--- End of stack trace from previous location ---
   at Polly.Outcome`1.GetResultOrRethrow()
   at Polly.ResiliencePipeline.ExecuteAsync(Func`2 callback, CancellationToken cancellationToken)
   at Shekinah.Infrastructure.Outbox.OutboxProcessor.ProcessPendingAsync(CancellationToken ct) in C:\NG\Angular\shekina-site\backend\src\Shekinah.Infrastructure\Outbox\OutboxProcessor.cs:line 53
2026-09-22 14:05:31.504 -06:00 [INF] Request starting HTTP/1.1 GET https://localhost:5081/api/v1/catalog/regions - null null
2026-09-22 14:05:31.505 -06:00 [INF] Request starting HTTP/1.1 GET https://localhost:5081/api/v1/academic/periods/current - null null
2026-09-22 14:05:31.515 -06:00 [INF] Executing endpoint 'HTTP: GET /api/v1/catalog/regions'
2026-09-22 14:05:31.518 -06:00 [INF] Executing endpoint 'HTTP: GET /api/v1/academic/periods/current'
2026-09-22 14:05:31.520 -06:00 [INF] Ejecutando GetRegionsQuery
2026-09-22 14:05:31.522 -06:00 [INF] Ejecutando GetCurrentPeriodQuery
2026-09-22 14:05:31.524 -06:00 [INF] GetRegionsQuery completado
2026-09-22 14:05:31.525 -06:00 [INF] GetCurrentPeriodQuery completado
2026-09-22 14:05:31.526 -06:00 [INF] Setting HTTP status code 200.
2026-09-22 14:05:31.528 -06:00 [INF] Setting HTTP status code 200.
2026-09-22 14:05:31.542 -06:00 [INF] Writing value of type 'List`1' as Json.
2026-09-22 14:05:31.545 -06:00 [INF] Writing value of type 'CurrentPeriodResponse' as Json.
2026-09-22 14:05:31.547 -06:00 [INF] Executed endpoint 'HTTP: GET /api/v1/catalog/regions'
2026-09-22 14:05:31.549 -06:00 [INF] Executed endpoint 'HTTP: GET /api/v1/academic/periods/current'
2026-09-22 14:05:31.552 -06:00 [INF] Request finished HTTP/1.1 GET https://localhost:5081/api/v1/catalog/regions - 200 null application/json; charset=utf-8 47.5857ms
2026-09-22 14:05:31.554 -06:00 [INF] Request finished HTTP/1.1 GET https://localhost:5081/api/v1/academic/periods/current - 200 null application/json; charset=utf-8 49.3155ms
2026-09-22 14:05:31.565 -06:00 [INF] Request starting HTTP/1.1 GET https://localhost:5081/api/v1/payments/matrix?periodId=1e11697f1368455f50edeeef&page=1&pageSize=500 - null null
2026-09-22 14:05:31.566 -06:00 [INF] Request starting HTTP/1.1 GET https://localhost:5081/api/v1/payments/summary?monthCode=202609 - null null
2026-09-22 14:05:31.572 -06:00 [INF] Executing endpoint 'HTTP: GET /api/v1/payments/matrix'
2026-09-22 14:05:31.575 -06:00 [INF] Executing endpoint 'HTTP: GET /api/v1/payments/summary'
2026-09-22 14:05:31.576 -06:00 [INF] Ejecutando GetPaymentMatrixQuery
2026-09-22 14:05:31.577 -06:00 [INF] Ejecutando GetBillingSummaryQuery
2026-09-22 14:05:31.582 -06:00 [INF] GetPaymentMatrixQuery completado
2026-09-22 14:05:31.582 -06:00 [INF] GetBillingSummaryQuery completado
2026-09-22 14:05:31.584 -06:00 [INF] Setting HTTP status code 200.
2026-09-22 14:05:31.586 -06:00 [INF] Setting HTTP status code 200.
2026-09-22 14:05:31.589 -06:00 [INF] Writing value of type 'BillingSummaryResponse' as Json.
2026-09-22 14:05:31.587 -06:00 [INF] Writing value of type 'PagedResult`1' as Json.
2026-09-22 14:05:31.591 -06:00 [INF] Executed endpoint 'HTTP: GET /api/v1/payments/summary'
2026-09-22 14:05:31.593 -06:00 [INF] Executed endpoint 'HTTP: GET /api/v1/payments/matrix'
2026-09-22 14:05:31.595 -06:00 [INF] Request finished HTTP/1.1 GET https://localhost:5081/api/v1/payments/summary?monthCode=202609 - 200 null application/json; charset=utf-8 29.4833ms
2026-09-22 14:05:31.598 -06:00 [INF] Request finished HTTP/1.1 GET https://localhost:5081/api/v1/payments/matrix?periodId=1e11697f1368455f50edeeef&page=1&pageSize=500 - 200 null application/json; charset=utf-8 32.7804ms
2026-09-22 14:05:34.444 -06:00 [WRN] Fallo enviando mensaje de outbox 6ab2df4db917b3ca4cc0f3fc, intento 1
MailKit.Security.AuthenticationException: 535: 5.7.8 Username and Password not accepted. For more information, go to
5.7.8  https://support.google.com/mail/?p=BadCredentials 5614622812f47-4d5c4ae6056sm379749b6e.13 - gsmtp
 ---> MailKit.Net.Smtp.SmtpCommandException: 5.7.8 Username and Password not accepted. For more information, go to
5.7.8  https://support.google.com/mail/?p=BadCredentials 5614622812f47-4d5c4ae6056sm379749b6e.13 - gsmtp
   --- End of inner exception stack trace ---
   at MailKit.Net.Smtp.SmtpClient.AuthenticateAsync(Encoding encoding, ICredentials credentials, CancellationToken cancellationToken)
   at Shekinah.Infrastructure.Outbox.OutboxProcessor.SendEmailAsync(BsonDocument message, CancellationToken ct) in C:\NG\Angular\shekina-site\backend\src\Shekinah.Infrastructure\Outbox\OutboxProcessor.cs:line 112
   at Shekinah.Infrastructure.Outbox.OutboxProcessor.<>c__DisplayClass7_0.<<ProcessPendingAsync>b__0>d.MoveNext() in C:\NG\Angular\shekina-site\backend\src\Shekinah.Infrastructure\Outbox\OutboxProcessor.cs:line 53
--- End of stack trace from previous location ---
   at Polly.ResiliencePipeline.<>c.<<ExecuteAsync>b__3_0>d.MoveNext()
--- End of stack trace from previous location ---
   at Polly.Outcome`1.GetResultOrRethrow()
   at Polly.ResiliencePipeline.ExecuteAsync(Func`2 callback, CancellationToken cancellationToken)
   at Shekinah.Infrastructure.Outbox.OutboxProcessor.ProcessPendingAsync(CancellationToken ct) in C:\NG\Angular\shekina-site\backend\src\Shekinah.Infrastructure\Outbox\OutboxProcessor.cs:line 53
2026-09-22 14:05:35.460 -06:00 [INF] Request starting HTTP/1.1 POST https://localhost:5081/api/v1/payments/notices - application/json 2
2026-09-22 14:05:35.464 -06:00 [INF] CORS policy execution successful.
2026-09-22 14:05:35.465 -06:00 [INF] Executing endpoint 'HTTP: POST /api/v1/payments/notices'
2026-09-22 14:05:35.472 -06:00 [INF] Ejecutando IssueNoticesCommand
2026-09-22 14:05:35.495 -06:00 [INF] IssueNoticesCommand completado
2026-09-22 14:05:35.497 -06:00 [INF] Setting HTTP status code 200.
2026-09-22 14:05:35.498 -06:00 [INF] Writing value of type 'IssueNoticesResponse' as Json.
2026-09-22 14:05:35.500 -06:00 [INF] Executed endpoint 'HTTP: POST /api/v1/payments/notices'
2026-09-22 14:05:35.502 -06:00 [INF] Request finished HTTP/1.1 POST https://localhost:5081/api/v1/payments/notices - 200 null application/json; charset=utf-8 42.5903ms
2026-09-22 14:05:35.511 -06:00 [INF] Request starting HTTP/1.1 GET https://localhost:5081/api/v1/payments/matrix?periodId=1e11697f1368455f50edeeef&page=1&pageSize=500 - null null
2026-09-22 14:05:35.511 -06:00 [INF] Request starting HTTP/1.1 GET https://localhost:5081/api/v1/payments/summary?monthCode=202609 - null null
2026-09-22 14:05:35.515 -06:00 [INF] Executing endpoint 'HTTP: GET /api/v1/payments/matrix'
2026-09-22 14:05:35.519 -06:00 [INF] Executing endpoint 'HTTP: GET /api/v1/payments/summary'
2026-09-22 14:05:35.520 -06:00 [INF] Ejecutando GetPaymentMatrixQuery
2026-09-22 14:05:35.522 -06:00 [INF] Ejecutando GetBillingSummaryQuery
2026-09-22 14:05:35.529 -06:00 [INF] GetPaymentMatrixQuery completado
2026-09-22 14:05:35.530 -06:00 [INF] GetBillingSummaryQuery completado
2026-09-22 14:05:35.534 -06:00 [INF] Setting HTTP status code 200.
2026-09-22 14:05:35.531 -06:00 [INF] Setting HTTP status code 200.
2026-09-22 14:05:35.540 -06:00 [INF] Writing value of type 'PagedResult`1' as Json.
2026-09-22 14:05:35.539 -06:00 [INF] Writing value of type 'BillingSummaryResponse' as Json.
2026-09-22 14:05:35.544 -06:00 [INF] Executed endpoint 'HTTP: GET /api/v1/payments/matrix'
2026-09-22 14:05:35.545 -06:00 [INF] Executed endpoint 'HTTP: GET /api/v1/payments/summary'
2026-09-22 14:05:35.547 -06:00 [INF] Request finished HTTP/1.1 GET https://localhost:5081/api/v1/payments/matrix?periodId=1e11697f1368455f50edeeef&page=1&pageSize=500 - 200 null application/json; charset=utf-8 35.9019ms
2026-09-22 14:05:35.549 -06:00 [INF] Request finished HTTP/1.1 GET https://localhost:5081/api/v1/payments/summary?monthCode=202609 - 200 null application/json; charset=utf-8 37.3925ms
2026-09-22 14:05:42.991 -06:00 [WRN] Fallo enviando mensaje de outbox 6ab2df22b917b3ca4cc0f3f7, intento 3
MailKit.Security.AuthenticationException: 535: 5.7.8 Username and Password not accepted. For more information, go to
5.7.8  https://support.google.com/mail/?p=BadCredentials 586e51a60fabf-4908e66112asm564672fac.9 - gsmtp
 ---> MailKit.Net.Smtp.SmtpCommandException: 5.7.8 Username and Password not accepted. For more information, go to
5.7.8  https://support.google.com/mail/?p=BadCredentials 586e51a60fabf-4908e66112asm564672fac.9 - gsmtp
   --- End of inner exception stack trace ---
   at MailKit.Net.Smtp.SmtpClient.AuthenticateAsync(Encoding encoding, ICredentials credentials, CancellationToken cancellationToken)
   at Shekinah.Infrastructure.Outbox.OutboxProcessor.SendEmailAsync(BsonDocument message, CancellationToken ct) in C:\NG\Angular\shekina-site\backend\src\Shekinah.Infrastructure\Outbox\OutboxProcessor.cs:line 112
   at Shekinah.Infrastructure.Outbox.OutboxProcessor.<>c__DisplayClass7_0.<<ProcessPendingAsync>b__0>d.MoveNext() in C:\NG\Angular\shekina-site\backend\src\Shekinah.Infrastructure\Outbox\OutboxProcessor.cs:line 53
--- End of stack trace from previous location ---
   at Polly.ResiliencePipeline.<>c.<<ExecuteAsync>b__3_0>d.MoveNext()
--- End of stack trace from previous location ---
   at Polly.Outcome`1.GetResultOrRethrow()
   at Polly.ResiliencePipeline.ExecuteAsync(Func`2 callback, CancellationToken cancellationToken)
   at Shekinah.Infrastructure.Outbox.OutboxProcessor.ProcessPendingAsync(CancellationToken ct) in C:\NG\Angular\shekina-site\backend\src\Shekinah.Infrastructure\Outbox\OutboxProcessor.cs:line 53
2026-09-22 14:06:01.544 -06:00 [WRN] Fallo enviando mensaje de outbox 6ab2df22b917b3ca4cc0f3f8, intento 3
MailKit.Security.AuthenticationException: 535: 5.7.8 Username and Password not accepted. For more information, go to
5.7.8  https://support.google.com/mail/?p=BadCredentials 006d021491bc7-6d2ce25c058sm590235eaf.5 - gsmtp
 ---> MailKit.Net.Smtp.SmtpCommandException: 5.7.8 Username and Password not accepted. For more information, go to
5.7.8  https://support.google.com/mail/?p=BadCredentials 006d021491bc7-6d2ce25c058sm590235eaf.5 - gsmtp
   --- End of inner exception stack trace ---
   at MailKit.Net.Smtp.SmtpClient.AuthenticateAsync(Encoding encoding, ICredentials credentials, CancellationToken cancellationToken)
   at Shekinah.Infrastructure.Outbox.OutboxProcessor.SendEmailAsync(BsonDocument message, CancellationToken ct) in C:\NG\Angular\shekina-site\backend\src\Shekinah.Infrastructure\Outbox\OutboxProcessor.cs:line 112
   at Shekinah.Infrastructure.Outbox.OutboxProcessor.<>c__DisplayClass7_0.<<ProcessPendingAsync>b__0>d.MoveNext() in C:\NG\Angular\shekina-site\backend\src\Shekinah.Infrastructure\Outbox\OutboxProcessor.cs:line 53
--- End of stack trace from previous location ---
   at Polly.ResiliencePipeline.<>c.<<ExecuteAsync>b__3_0>d.MoveNext()
--- End of stack trace from previous location ---
   at Polly.Outcome`1.GetResultOrRethrow()
   at Polly.ResiliencePipeline.ExecuteAsync(Func`2 callback, CancellationToken cancellationToken)
   at Shekinah.Infrastructure.Outbox.OutboxProcessor.ProcessPendingAsync(CancellationToken ct) in C:\NG\Angular\shekina-site\backend\src\Shekinah.Infrastructure\Outbox\OutboxProcessor.cs:line 53
2026-09-22 14:06:10.058 -06:00 [WRN] Fallo enviando mensaje de outbox 6ab2df22b917b3ca4cc0f3f9, intento 3
MailKit.Security.AuthenticationException: 535: 5.7.8 Username and Password not accepted. For more information, go to
5.7.8  https://support.google.com/mail/?p=BadCredentials 46e09a7af769-816044c858bsm707702a34.19 - gsmtp
 ---> MailKit.Net.Smtp.SmtpCommandException: 5.7.8 Username and Password not accepted. For more information, go to
5.7.8  https://support.google.com/mail/?p=BadCredentials 46e09a7af769-816044c858bsm707702a34.19 - gsmtp
   --- End of inner exception stack trace ---
   at MailKit.Net.Smtp.SmtpClient.AuthenticateAsync(Encoding encoding, ICredentials credentials, CancellationToken cancellationToken)
   at Shekinah.Infrastructure.Outbox.OutboxProcessor.SendEmailAsync(BsonDocument message, CancellationToken ct) in C:\NG\Angular\shekina-site\backend\src\Shekinah.Infrastructure\Outbox\OutboxProcessor.cs:line 112
   at Shekinah.Infrastructure.Outbox.OutboxProcessor.<>c__DisplayClass7_0.<<ProcessPendingAsync>b__0>d.MoveNext() in C:\NG\Angular\shekina-site\backend\src\Shekinah.Infrastructure\Outbox\OutboxProcessor.cs:line 53
--- End of stack trace from previous location ---
   at Polly.ResiliencePipeline.<>c.<<ExecuteAsync>b__3_0>d.MoveNext()
--- End of stack trace from previous location ---
   at Polly.Outcome`1.GetResultOrRethrow()
   at Polly.ResiliencePipeline.ExecuteAsync(Func`2 callback, CancellationToken cancellationToken)
   at Shekinah.Infrastructure.Outbox.OutboxProcessor.ProcessPendingAsync(CancellationToken ct) in C:\NG\Angular\shekina-site\backend\src\Shekinah.Infrastructure\Outbox\OutboxProcessor.cs:line 53
2026-09-22 14:06:17.276 -06:00 [WRN] Fallo enviando mensaje de outbox 6ab2df4db917b3ca4cc0f3fa, intento 2
MailKit.Net.Smtp.SmtpProtocolException: The SMTP server has unexpectedly disconnected: 4.7.0 Too many login attempts, please try again later. For more information,
4.7.0 go to
4.7.0  https://support.google.com/mail/answer/7126229 46e09a7af769-815fe992d85sm794009a34.0 - gsmtp
   at MailKit.Net.Smtp.SmtpStream.ReadAheadAsync(CancellationToken cancellationToken)
   at MailKit.Net.Smtp.SmtpStream.ReadResponseAsync(CancellationToken cancellationToken)
   at MailKit.Net.Smtp.SmtpStream.SendCommandAsync(String command, CancellationToken cancellationToken)
   at MailKit.Net.Smtp.SmtpClient.SendCommandInternalAsync(String command, CancellationToken cancellationToken)
   at MailKit.Net.Smtp.SmtpClient.AuthenticateAsync(Encoding encoding, ICredentials credentials, CancellationToken cancellationToken)
   at Shekinah.Infrastructure.Outbox.OutboxProcessor.SendEmailAsync(BsonDocument message, CancellationToken ct) in C:\NG\Angular\shekina-site\backend\src\Shekinah.Infrastructure\Outbox\OutboxProcessor.cs:line 112
   at Shekinah.Infrastructure.Outbox.OutboxProcessor.<>c__DisplayClass7_0.<<ProcessPendingAsync>b__0>d.MoveNext() in C:\NG\Angular\shekina-site\backend\src\Shekinah.Infrastructure\Outbox\OutboxProcessor.cs:line 53
--- End of stack trace from previous location ---
   at Polly.ResiliencePipeline.<>c.<<ExecuteAsync>b__3_0>d.MoveNext()
--- End of stack trace from previous location ---
   at Polly.Outcome`1.GetResultOrRethrow()
   at Polly.ResiliencePipeline.ExecuteAsync(Func`2 callback, CancellationToken cancellationToken)
   at Shekinah.Infrastructure.Outbox.OutboxProcessor.ProcessPendingAsync(CancellationToken ct) in C:\NG\Angular\shekina-site\backend\src\Shekinah.Infrastructure\Outbox\OutboxProcessor.cs:line 53
2026-09-22 14:06:24.540 -06:00 [WRN] Fallo enviando mensaje de outbox 6ab2df8fb917b3ca4cc0f3fd, intento 1
MailKit.Net.Smtp.SmtpProtocolException: The SMTP server has unexpectedly disconnected: 4.7.0 Too many login attempts, please try again later. For more information,
4.7.0 go to
4.7.0  https://support.google.com/mail/answer/7126229 5614622812f47-4d5c522b9efsm319366b6e.18 - gsmtp
   at MailKit.Net.Smtp.SmtpStream.ReadAheadAsync(CancellationToken cancellationToken)
   at MailKit.Net.Smtp.SmtpStream.ReadResponseAsync(CancellationToken cancellationToken)
   at MailKit.Net.Smtp.SmtpStream.SendCommandAsync(String command, CancellationToken cancellationToken)
   at MailKit.Net.Smtp.SmtpClient.SendCommandInternalAsync(String command, CancellationToken cancellationToken)
   at MailKit.Net.Smtp.SmtpClient.AuthenticateAsync(Encoding encoding, ICredentials credentials, CancellationToken cancellationToken)
   at Shekinah.Infrastructure.Outbox.OutboxProcessor.SendEmailAsync(BsonDocument message, CancellationToken ct) in C:\NG\Angular\shekina-site\backend\src\Shekinah.Infrastructure\Outbox\OutboxProcessor.cs:line 112
   at Shekinah.Infrastructure.Outbox.OutboxProcessor.<>c__DisplayClass7_0.<<ProcessPendingAsync>b__0>d.MoveNext() in C:\NG\Angular\shekina-site\backend\src\Shekinah.Infrastructure\Outbox\OutboxProcessor.cs:line 53
--- End of stack trace from previous location ---
   at Polly.ResiliencePipeline.<>c.<<ExecuteAsync>b__3_0>d.MoveNext()
--- End of stack trace from previous location ---
   at Polly.Outcome`1.GetResultOrRethrow()
   at Polly.ResiliencePipeline.ExecuteAsync(Func`2 callback, CancellationToken cancellationToken)
   at Shekinah.Infrastructure.Outbox.OutboxProcessor.ProcessPendingAsync(CancellationToken ct) in C:\NG\Angular\shekina-site\backend\src\Shekinah.Infrastructure\Outbox\OutboxProcessor.cs:line 53
2026-09-22 14:06:31.774 -06:00 [WRN] Fallo enviando mensaje de outbox 6ab2df8fb917b3ca4cc0f3fe, intento 1
MailKit.Net.Smtp.SmtpProtocolException: The SMTP server has unexpectedly disconnected: 4.7.0 Too many login attempts, please try again later. For more information,
4.7.0 go to
4.7.0  https://support.google.com/mail/answer/7126229 006d021491bc7-6d2ce25c454sm666577eaf.3 - gsmtp
   at MailKit.Net.Smtp.SmtpStream.ReadAheadAsync(CancellationToken cancellationToken)
   at MailKit.Net.Smtp.SmtpStream.ReadResponseAsync(CancellationToken cancellationToken)
   at MailKit.Net.Smtp.SmtpStream.SendCommandAsync(String command, CancellationToken cancellationToken)
   at MailKit.Net.Smtp.SmtpClient.SendCommandInternalAsync(String command, CancellationToken cancellationToken)
   at MailKit.Net.Smtp.SmtpClient.AuthenticateAsync(Encoding encoding, ICredentials credentials, CancellationToken cancellationToken)
   at Shekinah.Infrastructure.Outbox.OutboxProcessor.SendEmailAsync(BsonDocument message, CancellationToken ct) in C:\NG\Angular\shekina-site\backend\src\Shekinah.Infrastructure\Outbox\OutboxProcessor.cs:line 112
   at Shekinah.Infrastructure.Outbox.OutboxProcessor.<>c__DisplayClass7_0.<<ProcessPendingAsync>b__0>d.MoveNext() in C:\NG\Angular\shekina-site\backend\src\Shekinah.Infrastructure\Outbox\OutboxProcessor.cs:line 53
--- End of stack trace from previous location ---
   at Polly.ResiliencePipeline.<>c.<<ExecuteAsync>b__3_0>d.MoveNext()
--- End of stack trace from previous location ---
   at Polly.Outcome`1.GetResultOrRethrow()
   at Polly.ResiliencePipeline.ExecuteAsync(Func`2 callback, CancellationToken cancellationToken)
   at Shekinah.Infrastructure.Outbox.OutboxProcessor.ProcessPendingAsync(CancellationToken ct) in C:\NG\Angular\shekina-site\backend\src\Shekinah.Infrastructure\Outbox\OutboxProcessor.cs:line 53
2026-09-22 14:06:39.007 -06:00 [WRN] Fallo enviando mensaje de outbox 6ab2df8fb917b3ca4cc0f3ff, intento 1
MailKit.Net.Smtp.SmtpProtocolException: The SMTP server has unexpectedly disconnected: 4.7.0 Too many login attempts, please try again later. For more information,
4.7.0 go to
4.7.0  https://support.google.com/mail/answer/7126229 46e09a7af769-81603fc7c98sm668443a34.15 - gsmtp
   at MailKit.Net.Smtp.SmtpStream.ReadAheadAsync(CancellationToken cancellationToken)
   at MailKit.Net.Smtp.SmtpStream.ReadResponseAsync(CancellationToken cancellationToken)
   at MailKit.Net.Smtp.SmtpStream.SendCommandAsync(String command, CancellationToken cancellationToken)
   at MailKit.Net.Smtp.SmtpClient.SendCommandInternalAsync(String command, CancellationToken cancellationToken)
   at MailKit.Net.Smtp.SmtpClient.AuthenticateAsync(Encoding encoding, ICredentials credentials, CancellationToken cancellationToken)
   at Shekinah.Infrastructure.Outbox.OutboxProcessor.SendEmailAsync(BsonDocument message, CancellationToken ct) in C:\NG\Angular\shekina-site\backend\src\Shekinah.Infrastructure\Outbox\OutboxProcessor.cs:line 112
   at Shekinah.Infrastructure.Outbox.OutboxProcessor.<>c__DisplayClass7_0.<<ProcessPendingAsync>b__0>d.MoveNext() in C:\NG\Angular\shekina-site\backend\src\Shekinah.Infrastructure\Outbox\OutboxProcessor.cs:line 53
--- End of stack trace from previous location ---
   at Polly.ResiliencePipeline.<>c.<<ExecuteAsync>b__3_0>d.MoveNext()
--- End of stack trace from previous location ---
   at Polly.Outcome`1.GetResultOrRethrow()
   at Polly.ResiliencePipeline.ExecuteAsync(Func`2 callback, CancellationToken cancellationToken)
   at Shekinah.Infrastructure.Outbox.OutboxProcessor.ProcessPendingAsync(CancellationToken ct) in C:\NG\Angular\shekina-site\backend\src\Shekinah.Infrastructure\Outbox\OutboxProcessor.cs:line 53
2026-09-22 14:06:46.214 -06:00 [WRN] Fallo enviando mensaje de outbox 6ab2df4db917b3ca4cc0f3fb, intento 2
MailKit.Net.Smtp.SmtpProtocolException: The SMTP server has unexpectedly disconnected: 4.7.0 Too many login attempts, please try again later. For more information,
4.7.0 go to
4.7.0  https://support.google.com/mail/answer/7126229 46e09a7af769-815fe992d85sm795177a34.0 - gsmtp
   at MailKit.Net.Smtp.SmtpStream.ReadAheadAsync(CancellationToken cancellationToken)
   at MailKit.Net.Smtp.SmtpStream.ReadResponseAsync(CancellationToken cancellationToken)
   at MailKit.Net.Smtp.SmtpStream.SendCommandAsync(String command, CancellationToken cancellationToken)
   at MailKit.Net.Smtp.SmtpClient.SendCommandInternalAsync(String command, CancellationToken cancellationToken)
   at MailKit.Net.Smtp.SmtpClient.AuthenticateAsync(Encoding encoding, ICredentials credentials, CancellationToken cancellationToken)
   at Shekinah.Infrastructure.Outbox.OutboxProcessor.SendEmailAsync(BsonDocument message, CancellationToken ct) in C:\NG\Angular\shekina-site\backend\src\Shekinah.Infrastructure\Outbox\OutboxProcessor.cs:line 112
   at Shekinah.Infrastructure.Outbox.OutboxProcessor.<>c__DisplayClass7_0.<<ProcessPendingAsync>b__0>d.MoveNext() in C:\NG\Angular\shekina-site\backend\src\Shekinah.Infrastructure\Outbox\OutboxProcessor.cs:line 53
--- End of stack trace from previous location ---
   at Polly.ResiliencePipeline.<>c.<<ExecuteAsync>b__3_0>d.MoveNext()
--- End of stack trace from previous location ---
   at Polly.Outcome`1.GetResultOrRethrow()
   at Polly.ResiliencePipeline.ExecuteAsync(Func`2 callback, CancellationToken cancellationToken)
   at Shekinah.Infrastructure.Outbox.OutboxProcessor.ProcessPendingAsync(CancellationToken ct) in C:\NG\Angular\shekina-site\backend\src\Shekinah.Infrastructure\Outbox\OutboxProcessor.cs:line 53
2026-09-22 14:06:53.439 -06:00 [WRN] Fallo enviando mensaje de outbox 6ab2df4db917b3ca4cc0f3fc, intento 2
MailKit.Net.Smtp.SmtpProtocolException: The SMTP server has unexpectedly disconnected: 4.7.0 Too many login attempts, please try again later. For more information,
4.7.0 go to
4.7.0  https://support.google.com/mail/answer/7126229 46e09a7af769-81603ad200esm713893a34.6 - gsmtp
   at MailKit.Net.Smtp.SmtpStream.ReadAheadAsync(CancellationToken cancellationToken)
   at MailKit.Net.Smtp.SmtpStream.ReadResponseAsync(CancellationToken cancellationToken)
   at MailKit.Net.Smtp.SmtpStream.SendCommandAsync(String command, CancellationToken cancellationToken)
   at MailKit.Net.Smtp.SmtpClient.SendCommandInternalAsync(String command, CancellationToken cancellationToken)
   at MailKit.Net.Smtp.SmtpClient.AuthenticateAsync(Encoding encoding, ICredentials credentials, CancellationToken cancellationToken)
   at Shekinah.Infrastructure.Outbox.OutboxProcessor.SendEmailAsync(BsonDocument message, CancellationToken ct) in C:\NG\Angular\shekina-site\backend\src\Shekinah.Infrastructure\Outbox\OutboxProcessor.cs:line 112
   at Shekinah.Infrastructure.Outbox.OutboxProcessor.<>c__DisplayClass7_0.<<ProcessPendingAsync>b__0>d.MoveNext() in C:\NG\Angular\shekina-site\backend\src\Shekinah.Infrastructure\Outbox\OutboxProcessor.cs:line 53
--- End of stack trace from previous location ---
   at Polly.ResiliencePipeline.<>c.<<ExecuteAsync>b__3_0>d.MoveNext()
--- End of stack trace from previous location ---
   at Polly.Outcome`1.GetResultOrRethrow()
   at Polly.ResiliencePipeline.ExecuteAsync(Func`2 callback, CancellationToken cancellationToken)
   at Shekinah.Infrastructure.Outbox.OutboxProcessor.ProcessPendingAsync(CancellationToken ct) in C:\NG\Angular\shekina-site\backend\src\Shekinah.Infrastructure\Outbox\OutboxProcessor.cs:line 53
2026-09-22 14:06:56.711 -06:00 [INF] Application is shutting down...
2026-09-22 14:06:56.731 -06:00 [ERR] Error inesperado procesando el outbox.
System.OperationCanceledException: The operation was canceled.
   at System.Threading.CancellationToken.ThrowOperationCanceledException()
   at MongoDB.Driver.Core.Misc.SemaphoreSlimSignalable.IsSignaled(CancellationTokenSource signalTokenSource, CancellationToken cancellationToken)
   at MongoDB.Driver.Core.Misc.SemaphoreSlimSignalable.GetCancellationTokenContext(CancellationToken cancellationToken)
   at MongoDB.Driver.Core.Misc.SemaphoreSlimSignalable.WaitSignaledAsync(TimeSpan timeout, CancellationToken cancellationToken)
   at MongoDB.Driver.Core.ConnectionPools.ExclusiveConnectionPool.AcquireConnectionHelper.AcquireConnectionAsync(CancellationToken cancellationToken)
   at MongoDB.Driver.Core.ConnectionPools.ExclusiveConnectionPool.AcquireConnectionAsync(CancellationToken cancellationToken)
   at MongoDB.Driver.Core.Servers.Server.GetChannelAsync(CancellationToken cancellationToken)
   at MongoDB.Driver.Core.Operations.RetryableWriteContext.InitializeAsync(CancellationToken cancellationToken)
   at MongoDB.Driver.Core.Operations.RetryableWriteContext.CreateAsync(IWriteBinding binding, Boolean retryRequested, CancellationToken cancellationToken)
   at MongoDB.Driver.Core.Operations.BulkMixedWriteOperation.ExecuteAsync(IWriteBinding binding, CancellationToken cancellationToken)
   at MongoDB.Driver.OperationExecutor.ExecuteWriteOperationAsync[TResult](IWriteBinding binding, IWriteOperation`1 operation, CancellationToken cancellationToken)
   at MongoDB.Driver.MongoCollectionImpl`1.ExecuteWriteOperationAsync[TResult](IClientSessionHandle session, IWriteOperation`1 operation, CancellationToken cancellationToken)
   at MongoDB.Driver.MongoCollectionImpl`1.BulkWriteAsync(IClientSessionHandle session, IEnumerable`1 requests, BulkWriteOptions options, CancellationToken cancellationToken)
   at MongoDB.Driver.MongoCollectionImpl`1.UsingImplicitSessionAsync[TResult](Func`2 funcAsync, CancellationToken cancellationToken)
   at MongoDB.Driver.MongoCollectionBase`1.UpdateOneAsync(FilterDefinition`1 filter, UpdateDefinition`1 update, UpdateOptions options, Func`3 bulkWriteAsync)
   at Shekinah.Infrastructure.Outbox.OutboxProcessor.ProcessPendingAsync(CancellationToken ct) in C:\NG\Angular\shekina-site\backend\src\Shekinah.Infrastructure\Outbox\OutboxProcessor.cs:line 66
   at Shekinah.Infrastructure.Outbox.OutboxProcessor.ExecuteAsync(CancellationToken stoppingToken) in C:\NG\Angular\shekina-site\backend\src\Shekinah.Infrastructure\Outbox\OutboxProcessor.cs:line 31
2026-09-22 14:08:42.031 -06:00 [INF] User profile is available. Using 'C:\Users\User\AppData\Local\ASP.NET\DataProtection-Keys' as key repository and Windows DPAPI to encrypt keys at rest.
2026-09-22 14:08:42.481 -06:00 [INF] Now listening on: https://localhost:5081
2026-09-22 14:08:42.484 -06:00 [INF] Now listening on: http://localhost:5080
2026-09-22 14:08:42.486 -06:00 [INF] Application started. Press Ctrl+C to shut down.
2026-09-22 14:08:42.488 -06:00 [INF] Hosting environment: Development
2026-09-22 14:08:42.489 -06:00 [INF] Content root path: C:\NG\Angular\shekina-site\backend\src\Shekinah.Api
2026-09-22 14:08:42.903 -06:00 [INF] Request starting HTTP/2 GET https://localhost:5081/scalar/v1 - null null
2026-09-22 14:08:43.031 -06:00 [INF] Authorization failed. These requirements were not met:
DenyAnonymousAuthorizationRequirement: Requires an authenticated user.
2026-09-22 14:08:43.036 -06:00 [INF] AuthenticationScheme: Bearer was challenged.
2026-09-22 14:08:43.041 -06:00 [INF] Request finished HTTP/2 GET https://localhost:5081/scalar/v1 - 401 0 null 142.9068ms
2026-09-22 14:08:45.638 -06:00 [INF] Request starting HTTP/1.1 GET https://localhost:5081/api/v1/auth/me - null null
2026-09-22 14:08:45.827 -06:00 [INF] Executing endpoint 'HTTP: GET /api/v1/auth/me'
2026-09-22 14:08:45.837 -06:00 [INF] Ejecutando GetCurrentUserQuery
2026-09-22 14:08:45.952 -06:00 [INF] GetCurrentUserQuery completado
2026-09-22 14:08:45.967 -06:00 [INF] Setting HTTP status code 200.
2026-09-22 14:08:45.976 -06:00 [INF] Writing value of type 'CurrentUserResponse' as Json.
2026-09-22 14:08:45.998 -06:00 [INF] Executed endpoint 'HTTP: GET /api/v1/auth/me'
2026-09-22 14:08:46.010 -06:00 [INF] Request finished HTTP/1.1 GET https://localhost:5081/api/v1/auth/me - 200 null application/json; charset=utf-8 371.4827ms
2026-09-22 14:08:49.543 -06:00 [INF] Request starting HTTP/1.1 GET https://localhost:5081/api/v1/academic/periods/current - null null
2026-09-22 14:08:49.543 -06:00 [INF] Request starting HTTP/1.1 GET https://localhost:5081/api/v1/catalog/regions - null null
2026-09-22 14:08:49.554 -06:00 [INF] Executing endpoint 'HTTP: GET /api/v1/catalog/regions'
2026-09-22 14:08:49.554 -06:00 [INF] Executing endpoint 'HTTP: GET /api/v1/academic/periods/current'
2026-09-22 14:08:49.559 -06:00 [INF] Ejecutando GetRegionsQuery
2026-09-22 14:08:49.560 -06:00 [INF] Ejecutando GetCurrentPeriodQuery
2026-09-22 14:08:49.568 -06:00 [INF] GetRegionsQuery completado
2026-09-22 14:08:49.569 -06:00 [INF] GetCurrentPeriodQuery completado
2026-09-22 14:08:49.571 -06:00 [INF] Setting HTTP status code 200.
2026-09-22 14:08:49.572 -06:00 [INF] Setting HTTP status code 200.
2026-09-22 14:08:49.575 -06:00 [INF] Writing value of type 'List`1' as Json.
2026-09-22 14:08:49.576 -06:00 [INF] Writing value of type 'CurrentPeriodResponse' as Json.
2026-09-22 14:08:49.583 -06:00 [INF] Executed endpoint 'HTTP: GET /api/v1/academic/periods/current'
2026-09-22 14:08:49.585 -06:00 [INF] Request finished HTTP/1.1 GET https://localhost:5081/api/v1/academic/periods/current - 200 null application/json; charset=utf-8 42.4554ms
2026-09-22 14:08:49.587 -06:00 [INF] Executed endpoint 'HTTP: GET /api/v1/catalog/regions'
2026-09-22 14:08:49.593 -06:00 [INF] Request finished HTTP/1.1 GET https://localhost:5081/api/v1/catalog/regions - 200 null application/json; charset=utf-8 50.1265ms
2026-09-22 14:08:49.598 -06:00 [INF] Request starting HTTP/1.1 GET https://localhost:5081/api/v1/payments/matrix?periodId=1e11697f1368455f50edeeef&page=1&pageSize=500 - null null
2026-09-22 14:08:49.599 -06:00 [INF] Request starting HTTP/1.1 GET https://localhost:5081/api/v1/payments/summary?monthCode=202609 - null null
2026-09-22 14:08:49.606 -06:00 [INF] Executing endpoint 'HTTP: GET /api/v1/payments/matrix'
2026-09-22 14:08:49.610 -06:00 [INF] Executing endpoint 'HTTP: GET /api/v1/payments/summary'
2026-09-22 14:08:49.617 -06:00 [INF] Ejecutando GetBillingSummaryQuery
2026-09-22 14:08:49.617 -06:00 [INF] Ejecutando GetPaymentMatrixQuery
2026-09-22 14:08:49.640 -06:00 [INF] GetBillingSummaryQuery completado
2026-09-22 14:08:49.642 -06:00 [INF] Setting HTTP status code 200.
2026-09-22 14:08:49.655 -06:00 [INF] Writing value of type 'BillingSummaryResponse' as Json.
2026-09-22 14:08:49.666 -06:00 [INF] Executed endpoint 'HTTP: GET /api/v1/payments/summary'
2026-09-22 14:08:49.669 -06:00 [INF] Request finished HTTP/1.1 GET https://localhost:5081/api/v1/payments/summary?monthCode=202609 - 200 null application/json; charset=utf-8 69.8277ms
2026-09-22 14:08:49.673 -06:00 [INF] GetPaymentMatrixQuery completado
2026-09-22 14:08:49.678 -06:00 [INF] Setting HTTP status code 200.
2026-09-22 14:08:49.686 -06:00 [INF] Writing value of type 'PagedResult`1' as Json.
2026-09-22 14:08:49.694 -06:00 [INF] Executed endpoint 'HTTP: GET /api/v1/payments/matrix'
2026-09-22 14:08:49.697 -06:00 [INF] Request finished HTTP/1.1 GET https://localhost:5081/api/v1/payments/matrix?periodId=1e11697f1368455f50edeeef&page=1&pageSize=500 - 200 null application/json; charset=utf-8 98.7331ms
2026-09-22 14:08:51.026 -06:00 [WRN] Fallo enviando mensaje de outbox 6ab2dec3b917b3ca4cc0f3f6, intento 5
MailKit.Security.AuthenticationException: 535: 5.7.8 Username and Password not accepted. For more information, go to
5.7.8  https://support.google.com/mail/?p=BadCredentials 46e09a7af769-816044c858bsm714816a34.19 - gsmtp
 ---> MailKit.Net.Smtp.SmtpCommandException: 5.7.8 Username and Password not accepted. For more information, go to
5.7.8  https://support.google.com/mail/?p=BadCredentials 46e09a7af769-816044c858bsm714816a34.19 - gsmtp
   --- End of inner exception stack trace ---
   at MailKit.Net.Smtp.SmtpClient.AuthenticateAsync(Encoding encoding, ICredentials credentials, CancellationToken cancellationToken)
   at Shekinah.Infrastructure.Outbox.OutboxProcessor.SendEmailAsync(BsonDocument message, CancellationToken ct) in C:\NG\Angular\shekina-site\backend\src\Shekinah.Infrastructure\Outbox\OutboxProcessor.cs:line 112
   at Shekinah.Infrastructure.Outbox.OutboxProcessor.<>c__DisplayClass7_0.<<ProcessPendingAsync>b__0>d.MoveNext() in C:\NG\Angular\shekina-site\backend\src\Shekinah.Infrastructure\Outbox\OutboxProcessor.cs:line 53
--- End of stack trace from previous location ---
   at Polly.ResiliencePipeline.<>c.<<ExecuteAsync>b__3_0>d.MoveNext()
--- End of stack trace from previous location ---
   at Polly.Outcome`1.GetResultOrRethrow()
   at Polly.ResiliencePipeline.ExecuteAsync(Func`2 callback, CancellationToken cancellationToken)
   at Shekinah.Infrastructure.Outbox.OutboxProcessor.ProcessPendingAsync(CancellationToken ct) in C:\NG\Angular\shekina-site\backend\src\Shekinah.Infrastructure\Outbox\OutboxProcessor.cs:line 53
2026-09-22 14:08:59.587 -06:00 [WRN] Fallo enviando mensaje de outbox 6ab2df22b917b3ca4cc0f3f7, intento 4
MailKit.Security.AuthenticationException: 535: 5.7.8 Username and Password not accepted. For more information, go to
5.7.8  https://support.google.com/mail/?p=BadCredentials 46e09a7af769-816049b51b2sm633532a34.22 - gsmtp
 ---> MailKit.Net.Smtp.SmtpCommandException: 5.7.8 Username and Password not accepted. For more information, go to
5.7.8  https://support.google.com/mail/?p=BadCredentials 46e09a7af769-816049b51b2sm633532a34.22 - gsmtp
   --- End of inner exception stack trace ---
   at MailKit.Net.Smtp.SmtpClient.AuthenticateAsync(Encoding encoding, ICredentials credentials, CancellationToken cancellationToken)
   at Shekinah.Infrastructure.Outbox.OutboxProcessor.SendEmailAsync(BsonDocument message, CancellationToken ct) in C:\NG\Angular\shekina-site\backend\src\Shekinah.Infrastructure\Outbox\OutboxProcessor.cs:line 112
   at Shekinah.Infrastructure.Outbox.OutboxProcessor.<>c__DisplayClass7_0.<<ProcessPendingAsync>b__0>d.MoveNext() in C:\NG\Angular\shekina-site\backend\src\Shekinah.Infrastructure\Outbox\OutboxProcessor.cs:line 53
--- End of stack trace from previous location ---
   at Polly.ResiliencePipeline.<>c.<<ExecuteAsync>b__3_0>d.MoveNext()
--- End of stack trace from previous location ---
   at Polly.Outcome`1.GetResultOrRethrow()
   at Polly.ResiliencePipeline.ExecuteAsync(Func`2 callback, CancellationToken cancellationToken)
   at Shekinah.Infrastructure.Outbox.OutboxProcessor.ProcessPendingAsync(CancellationToken ct) in C:\NG\Angular\shekina-site\backend\src\Shekinah.Infrastructure\Outbox\OutboxProcessor.cs:line 53
2026-09-22 14:09:00.087 -06:00 [INF] Request starting HTTP/1.1 POST https://localhost:5081/api/v1/payments/manual - application/json 61
2026-09-22 14:09:00.093 -06:00 [INF] CORS policy execution successful.
2026-09-22 14:09:00.096 -06:00 [INF] Executing endpoint 'HTTP: POST /api/v1/payments/manual'
2026-09-22 14:09:00.125 -06:00 [INF] Ejecutando RegisterManualPaymentCommand
2026-09-22 14:09:00.187 -06:00 [INF] RegisterManualPaymentCommand completado
2026-09-22 14:09:00.189 -06:00 [INF] Setting HTTP status code 200.
2026-09-22 14:09:00.194 -06:00 [INF] Writing value of type 'ManualPaymentResponse' as Json.
2026-09-22 14:09:00.199 -06:00 [INF] Executed endpoint 'HTTP: POST /api/v1/payments/manual'
2026-09-22 14:09:00.201 -06:00 [INF] Request finished HTTP/1.1 POST https://localhost:5081/api/v1/payments/manual - 200 null application/json; charset=utf-8 113.9852ms
2026-09-22 14:09:00.215 -06:00 [INF] Request starting HTTP/1.1 GET https://localhost:5081/api/v1/payments/matrix?periodId=1e11697f1368455f50edeeef&page=1&pageSize=500 - null null
2026-09-22 14:09:00.215 -06:00 [INF] Request starting HTTP/1.1 GET https://localhost:5081/api/v1/payments/summary?monthCode=202609 - null null
2026-09-22 14:09:00.219 -06:00 [INF] Executing endpoint 'HTTP: GET /api/v1/payments/matrix'
2026-09-22 14:09:00.223 -06:00 [INF] Executing endpoint 'HTTP: GET /api/v1/payments/summary'
2026-09-22 14:09:00.227 -06:00 [INF] Ejecutando GetPaymentMatrixQuery
2026-09-22 14:09:00.227 -06:00 [INF] Ejecutando GetBillingSummaryQuery
2026-09-22 14:09:00.233 -06:00 [INF] GetPaymentMatrixQuery completado
2026-09-22 14:09:00.235 -06:00 [INF] Setting HTTP status code 200.
2026-09-22 14:09:00.237 -06:00 [INF] Writing value of type 'PagedResult`1' as Json.
2026-09-22 14:09:00.240 -06:00 [INF] Executed endpoint 'HTTP: GET /api/v1/payments/matrix'
2026-09-22 14:09:00.242 -06:00 [INF] Request finished HTTP/1.1 GET https://localhost:5081/api/v1/payments/matrix?periodId=1e11697f1368455f50edeeef&page=1&pageSize=500 - 200 null application/json; charset=utf-8 27.421ms
2026-09-22 14:09:00.248 -06:00 [INF] GetBillingSummaryQuery completado
2026-09-22 14:09:00.251 -06:00 [INF] Setting HTTP status code 200.
2026-09-22 14:09:00.253 -06:00 [INF] Writing value of type 'BillingSummaryResponse' as Json.
2026-09-22 14:09:00.255 -06:00 [INF] Executed endpoint 'HTTP: GET /api/v1/payments/summary'
2026-09-22 14:09:00.257 -06:00 [INF] Request finished HTTP/1.1 GET https://localhost:5081/api/v1/payments/summary?monthCode=202609 - 200 null application/json; charset=utf-8 42.2633ms
2026-09-22 14:09:07.098 -06:00 [INF] Request starting HTTP/1.1 DELETE https://localhost:5081/api/v1/payments/manual?studentId=f739f9a8df96fc2591af7bee&monthCode=202609 - null 0
2026-09-22 14:09:07.102 -06:00 [INF] CORS policy execution successful.
2026-09-22 14:09:07.104 -06:00 [INF] Executing endpoint 'HTTP: DELETE /api/v1/payments/manual'
2026-09-22 14:09:07.109 -06:00 [INF] Ejecutando UndoManualPaymentCommand
2026-09-22 14:09:07.128 -06:00 [INF] UndoManualPaymentCommand completado
2026-09-22 14:09:07.130 -06:00 [INF] Setting HTTP status code 200.
2026-09-22 14:09:07.132 -06:00 [INF] Writing value of type 'ManualPaymentResponse' as Json.
2026-09-22 14:09:07.134 -06:00 [INF] Executed endpoint 'HTTP: DELETE /api/v1/payments/manual'
2026-09-22 14:09:07.136 -06:00 [INF] Request finished HTTP/1.1 DELETE https://localhost:5081/api/v1/payments/manual?studentId=f739f9a8df96fc2591af7bee&monthCode=202609 - 200 null application/json; charset=utf-8 37.8896ms
2026-09-22 14:09:07.145 -06:00 [INF] Request starting HTTP/1.1 GET https://localhost:5081/api/v1/payments/matrix?periodId=1e11697f1368455f50edeeef&page=1&pageSize=500 - null null
2026-09-22 14:09:07.146 -06:00 [INF] Request starting HTTP/1.1 GET https://localhost:5081/api/v1/payments/summary?monthCode=202609 - null null
2026-09-22 14:09:07.150 -06:00 [INF] Executing endpoint 'HTTP: GET /api/v1/payments/matrix'
2026-09-22 14:09:07.154 -06:00 [INF] Executing endpoint 'HTTP: GET /api/v1/payments/summary'
2026-09-22 14:09:07.161 -06:00 [INF] Ejecutando GetPaymentMatrixQuery
2026-09-22 14:09:07.161 -06:00 [INF] Ejecutando GetBillingSummaryQuery
2026-09-22 14:09:07.166 -06:00 [INF] GetBillingSummaryQuery completado
2026-09-22 14:09:07.166 -06:00 [INF] GetPaymentMatrixQuery completado
2026-09-22 14:09:07.168 -06:00 [INF] Setting HTTP status code 200.
2026-09-22 14:09:07.169 -06:00 [INF] Setting HTTP status code 200.
2026-09-22 14:09:07.171 -06:00 [INF] Writing value of type 'BillingSummaryResponse' as Json.
2026-09-22 14:09:07.173 -06:00 [INF] Writing value of type 'PagedResult`1' as Json.
2026-09-22 14:09:07.175 -06:00 [INF] Executed endpoint 'HTTP: GET /api/v1/payments/summary'
2026-09-22 14:09:07.177 -06:00 [INF] Executed endpoint 'HTTP: GET /api/v1/payments/matrix'
2026-09-22 14:09:07.179 -06:00 [INF] Request finished HTTP/1.1 GET https://localhost:5081/api/v1/payments/summary?monthCode=202609 - 200 null application/json; charset=utf-8 33.3165ms
2026-09-22 14:09:07.182 -06:00 [INF] Request finished HTTP/1.1 GET https://localhost:5081/api/v1/payments/matrix?periodId=1e11697f1368455f50edeeef&page=1&pageSize=500 - 200 null application/json; charset=utf-8 36.1541ms
2026-09-22 14:09:08.058 -06:00 [WRN] Fallo enviando mensaje de outbox 6ab2df8fb917b3ca4cc0f3fd, intento 2
MailKit.Security.AuthenticationException: 535: 5.7.8 Username and Password not accepted. For more information, go to
5.7.8  https://support.google.com/mail/?p=BadCredentials 006d021491bc7-6d2cee69188sm697048eaf.10 - gsmtp
 ---> MailKit.Net.Smtp.SmtpCommandException: 5.7.8 Username and Password not accepted. For more information, go to
5.7.8  https://support.google.com/mail/?p=BadCredentials 006d021491bc7-6d2cee69188sm697048eaf.10 - gsmtp
   --- End of inner exception stack trace ---
   at MailKit.Net.Smtp.SmtpClient.AuthenticateAsync(Encoding encoding, ICredentials credentials, CancellationToken cancellationToken)
   at Shekinah.Infrastructure.Outbox.OutboxProcessor.SendEmailAsync(BsonDocument message, CancellationToken ct) in C:\NG\Angular\shekina-site\backend\src\Shekinah.Infrastructure\Outbox\OutboxProcessor.cs:line 112
   at Shekinah.Infrastructure.Outbox.OutboxProcessor.<>c__DisplayClass7_0.<<ProcessPendingAsync>b__0>d.MoveNext() in C:\NG\Angular\shekina-site\backend\src\Shekinah.Infrastructure\Outbox\OutboxProcessor.cs:line 53
--- End of stack trace from previous location ---
   at Polly.ResiliencePipeline.<>c.<<ExecuteAsync>b__3_0>d.MoveNext()
--- End of stack trace from previous location ---
   at Polly.Outcome`1.GetResultOrRethrow()
   at Polly.ResiliencePipeline.ExecuteAsync(Func`2 callback, CancellationToken cancellationToken)
   at Shekinah.Infrastructure.Outbox.OutboxProcessor.ProcessPendingAsync(CancellationToken ct) in C:\NG\Angular\shekina-site\backend\src\Shekinah.Infrastructure\Outbox\OutboxProcessor.cs:line 53
2026-09-22 14:09:16.580 -06:00 [WRN] Fallo enviando mensaje de outbox 6ab2df4db917b3ca4cc0f3fa, intento 3
MailKit.Security.AuthenticationException: 535: 5.7.8 Username and Password not accepted. For more information, go to
5.7.8  https://support.google.com/mail/?p=BadCredentials 5614622812f47-4d5beaea7e2sm497375b6e.0 - gsmtp
 ---> MailKit.Net.Smtp.SmtpCommandException: 5.7.8 Username and Password not accepted. For more information, go to
5.7.8  https://support.google.com/mail/?p=BadCredentials 5614622812f47-4d5beaea7e2sm497375b6e.0 - gsmtp
   --- End of inner exception stack trace ---
   at MailKit.Net.Smtp.SmtpClient.AuthenticateAsync(Encoding encoding, ICredentials credentials, CancellationToken cancellationToken)
   at Shekinah.Infrastructure.Outbox.OutboxProcessor.SendEmailAsync(BsonDocument message, CancellationToken ct) in C:\NG\Angular\shekina-site\backend\src\Shekinah.Infrastructure\Outbox\OutboxProcessor.cs:line 112
   at Shekinah.Infrastructure.Outbox.OutboxProcessor.<>c__DisplayClass7_0.<<ProcessPendingAsync>b__0>d.MoveNext() in C:\NG\Angular\shekina-site\backend\src\Shekinah.Infrastructure\Outbox\OutboxProcessor.cs:line 53
--- End of stack trace from previous location ---
   at Polly.ResiliencePipeline.<>c.<<ExecuteAsync>b__3_0>d.MoveNext()
--- End of stack trace from previous location ---
   at Polly.Outcome`1.GetResultOrRethrow()
   at Polly.ResiliencePipeline.ExecuteAsync(Func`2 callback, CancellationToken cancellationToken)
   at Shekinah.Infrastructure.Outbox.OutboxProcessor.ProcessPendingAsync(CancellationToken ct) in C:\NG\Angular\shekina-site\backend\src\Shekinah.Infrastructure\Outbox\OutboxProcessor.cs:line 53
2026-09-22 14:09:25.133 -06:00 [WRN] Fallo enviando mensaje de outbox 6ab2df22b917b3ca4cc0f3f8, intento 4
MailKit.Security.AuthenticationException: 535: 5.7.8 Username and Password not accepted. For more information, go to
5.7.8  https://support.google.com/mail/?p=BadCredentials 46e09a7af769-816018d81f8sm691445a34.3 - gsmtp
 ---> MailKit.Net.Smtp.SmtpCommandException: 5.7.8 Username and Password not accepted. For more information, go to
5.7.8  https://support.google.com/mail/?p=BadCredentials 46e09a7af769-816018d81f8sm691445a34.3 - gsmtp
   --- End of inner exception stack trace ---
   at MailKit.Net.Smtp.SmtpClient.AuthenticateAsync(Encoding encoding, ICredentials credentials, CancellationToken cancellationToken)
   at Shekinah.Infrastructure.Outbox.OutboxProcessor.SendEmailAsync(BsonDocument message, CancellationToken ct) in C:\NG\Angular\shekina-site\backend\src\Shekinah.Infrastructure\Outbox\OutboxProcessor.cs:line 112
   at Shekinah.Infrastructure.Outbox.OutboxProcessor.<>c__DisplayClass7_0.<<ProcessPendingAsync>b__0>d.MoveNext() in C:\NG\Angular\shekina-site\backend\src\Shekinah.Infrastructure\Outbox\OutboxProcessor.cs:line 53
--- End of stack trace from previous location ---
   at Polly.ResiliencePipeline.<>c.<<ExecuteAsync>b__3_0>d.MoveNext()
--- End of stack trace from previous location ---
   at Polly.Outcome`1.GetResultOrRethrow()
   at Polly.ResiliencePipeline.ExecuteAsync(Func`2 callback, CancellationToken cancellationToken)
   at Shekinah.Infrastructure.Outbox.OutboxProcessor.ProcessPendingAsync(CancellationToken ct) in C:\NG\Angular\shekina-site\backend\src\Shekinah.Infrastructure\Outbox\OutboxProcessor.cs:line 53
2026-09-22 14:09:34.014 -06:00 [WRN] Fallo enviando mensaje de outbox 6ab2df8fb917b3ca4cc0f3fe, intento 2
MailKit.Security.AuthenticationException: 535: 5.7.8 Username and Password not accepted. For more information, go to
5.7.8  https://support.google.com/mail/?p=BadCredentials 46e09a7af769-81603fc79cesm649443a34.10 - gsmtp
 ---> MailKit.Net.Smtp.SmtpCommandException: 5.7.8 Username and Password not accepted. For more information, go to
5.7.8  https://support.google.com/mail/?p=BadCredentials 46e09a7af769-81603fc79cesm649443a34.10 - gsmtp
   --- End of inner exception stack trace ---
   at MailKit.Net.Smtp.SmtpClient.AuthenticateAsync(Encoding encoding, ICredentials credentials, CancellationToken cancellationToken)
   at Shekinah.Infrastructure.Outbox.OutboxProcessor.SendEmailAsync(BsonDocument message, CancellationToken ct) in C:\NG\Angular\shekina-site\backend\src\Shekinah.Infrastructure\Outbox\OutboxProcessor.cs:line 112
   at Shekinah.Infrastructure.Outbox.OutboxProcessor.<>c__DisplayClass7_0.<<ProcessPendingAsync>b__0>d.MoveNext() in C:\NG\Angular\shekina-site\backend\src\Shekinah.Infrastructure\Outbox\OutboxProcessor.cs:line 53
--- End of stack trace from previous location ---
   at Polly.ResiliencePipeline.<>c.<<ExecuteAsync>b__3_0>d.MoveNext()
--- End of stack trace from previous location ---
   at Polly.Outcome`1.GetResultOrRethrow()
   at Polly.ResiliencePipeline.ExecuteAsync(Func`2 callback, CancellationToken cancellationToken)
   at Shekinah.Infrastructure.Outbox.OutboxProcessor.ProcessPendingAsync(CancellationToken ct) in C:\NG\Angular\shekina-site\backend\src\Shekinah.Infrastructure\Outbox\OutboxProcessor.cs:line 53
2026-09-22 14:09:42.541 -06:00 [WRN] Fallo enviando mensaje de outbox 6ab2df8fb917b3ca4cc0f3ff, intento 2
MailKit.Security.AuthenticationException: 535: 5.7.8 Username and Password not accepted. For more information, go to
5.7.8  https://support.google.com/mail/?p=BadCredentials 46e09a7af769-816044c7675sm681440a34.18 - gsmtp
 ---> MailKit.Net.Smtp.SmtpCommandException: 5.7.8 Username and Password not accepted. For more information, go to
5.7.8  https://support.google.com/mail/?p=BadCredentials 46e09a7af769-816044c7675sm681440a34.18 - gsmtp
   --- End of inner exception stack trace ---
   at MailKit.Net.Smtp.SmtpClient.AuthenticateAsync(Encoding encoding, ICredentials credentials, CancellationToken cancellationToken)
   at Shekinah.Infrastructure.Outbox.OutboxProcessor.SendEmailAsync(BsonDocument message, CancellationToken ct) in C:\NG\Angular\shekina-site\backend\src\Shekinah.Infrastructure\Outbox\OutboxProcessor.cs:line 112
   at Shekinah.Infrastructure.Outbox.OutboxProcessor.<>c__DisplayClass7_0.<<ProcessPendingAsync>b__0>d.MoveNext() in C:\NG\Angular\shekina-site\backend\src\Shekinah.Infrastructure\Outbox\OutboxProcessor.cs:line 53
--- End of stack trace from previous location ---
   at Polly.ResiliencePipeline.<>c.<<ExecuteAsync>b__3_0>d.MoveNext()
--- End of stack trace from previous location ---
   at Polly.Outcome`1.GetResultOrRethrow()
   at Polly.ResiliencePipeline.ExecuteAsync(Func`2 callback, CancellationToken cancellationToken)
   at Shekinah.Infrastructure.Outbox.OutboxProcessor.ProcessPendingAsync(CancellationToken ct) in C:\NG\Angular\shekina-site\backend\src\Shekinah.Infrastructure\Outbox\OutboxProcessor.cs:line 53
2026-09-22 14:09:51.191 -06:00 [WRN] Fallo enviando mensaje de outbox 6ab2df22b917b3ca4cc0f3f9, intento 4
MailKit.Security.AuthenticationException: 535: 5.7.8 Username and Password not accepted. For more information, go to
5.7.8  https://support.google.com/mail/?p=BadCredentials 006d021491bc7-6d2ce25c568sm626546eaf.4 - gsmtp
 ---> MailKit.Net.Smtp.SmtpCommandException: 5.7.8 Username and Password not accepted. For more information, go to
5.7.8  https://support.google.com/mail/?p=BadCredentials 006d021491bc7-6d2ce25c568sm626546eaf.4 - gsmtp
   --- End of inner exception stack trace ---
   at MailKit.Net.Smtp.SmtpClient.AuthenticateAsync(Encoding encoding, ICredentials credentials, CancellationToken cancellationToken)
   at Shekinah.Infrastructure.Outbox.OutboxProcessor.SendEmailAsync(BsonDocument message, CancellationToken ct) in C:\NG\Angular\shekina-site\backend\src\Shekinah.Infrastructure\Outbox\OutboxProcessor.cs:line 112
   at Shekinah.Infrastructure.Outbox.OutboxProcessor.<>c__DisplayClass7_0.<<ProcessPendingAsync>b__0>d.MoveNext() in C:\NG\Angular\shekina-site\backend\src\Shekinah.Infrastructure\Outbox\OutboxProcessor.cs:line 53
--- End of stack trace from previous location ---
   at Polly.ResiliencePipeline.<>c.<<ExecuteAsync>b__3_0>d.MoveNext()
--- End of stack trace from previous location ---
   at Polly.Outcome`1.GetResultOrRethrow()
   at Polly.ResiliencePipeline.ExecuteAsync(Func`2 callback, CancellationToken cancellationToken)
   at Shekinah.Infrastructure.Outbox.OutboxProcessor.ProcessPendingAsync(CancellationToken ct) in C:\NG\Angular\shekina-site\backend\src\Shekinah.Infrastructure\Outbox\OutboxProcessor.cs:line 53
2026-09-22 14:09:59.863 -06:00 [WRN] Fallo enviando mensaje de outbox 6ab2df4db917b3ca4cc0f3fb, intento 3
MailKit.Security.AuthenticationException: 535: 5.7.8 Username and Password not accepted. For more information, go to
5.7.8  https://support.google.com/mail/?p=BadCredentials 46e09a7af769-816018d876fsm763519a34.2 - gsmtp
 ---> MailKit.Net.Smtp.SmtpCommandException: 5.7.8 Username and Password not accepted. For more information, go to
5.7.8  https://support.google.com/mail/?p=BadCredentials 46e09a7af769-816018d876fsm763519a34.2 - gsmtp
   --- End of inner exception stack trace ---
   at MailKit.Net.Smtp.SmtpClient.AuthenticateAsync(Encoding encoding, ICredentials credentials, CancellationToken cancellationToken)
   at Shekinah.Infrastructure.Outbox.OutboxProcessor.SendEmailAsync(BsonDocument message, CancellationToken ct) in C:\NG\Angular\shekina-site\backend\src\Shekinah.Infrastructure\Outbox\OutboxProcessor.cs:line 112
   at Shekinah.Infrastructure.Outbox.OutboxProcessor.<>c__DisplayClass7_0.<<ProcessPendingAsync>b__0>d.MoveNext() in C:\NG\Angular\shekina-site\backend\src\Shekinah.Infrastructure\Outbox\OutboxProcessor.cs:line 53
--- End of stack trace from previous location ---
   at Polly.ResiliencePipeline.<>c.<<ExecuteAsync>b__3_0>d.MoveNext()
--- End of stack trace from previous location ---
   at Polly.Outcome`1.GetResultOrRethrow()
   at Polly.ResiliencePipeline.ExecuteAsync(Func`2 callback, CancellationToken cancellationToken)
   at Shekinah.Infrastructure.Outbox.OutboxProcessor.ProcessPendingAsync(CancellationToken ct) in C:\NG\Angular\shekina-site\backend\src\Shekinah.Infrastructure\Outbox\OutboxProcessor.cs:line 53
2026-09-22 14:10:08.497 -06:00 [WRN] Fallo enviando mensaje de outbox 6ab2df4db917b3ca4cc0f3fc, intento 3
MailKit.Security.AuthenticationException: 535: 5.7.8 Username and Password not accepted. For more information, go to
5.7.8  https://support.google.com/mail/?p=BadCredentials 46e09a7af769-816018d876fsm763899a34.2 - gsmtp
 ---> MailKit.Net.Smtp.SmtpCommandException: 5.7.8 Username and Password not accepted. For more information, go to
5.7.8  https://support.google.com/mail/?p=BadCredentials 46e09a7af769-816018d876fsm763899a34.2 - gsmtp
   --- End of inner exception stack trace ---
   at MailKit.Net.Smtp.SmtpClient.AuthenticateAsync(Encoding encoding, ICredentials credentials, CancellationToken cancellationToken)
   at Shekinah.Infrastructure.Outbox.OutboxProcessor.SendEmailAsync(BsonDocument message, CancellationToken ct) in C:\NG\Angular\shekina-site\backend\src\Shekinah.Infrastructure\Outbox\OutboxProcessor.cs:line 112
   at Shekinah.Infrastructure.Outbox.OutboxProcessor.<>c__DisplayClass7_0.<<ProcessPendingAsync>b__0>d.MoveNext() in C:\NG\Angular\shekina-site\backend\src\Shekinah.Infrastructure\Outbox\OutboxProcessor.cs:line 53
--- End of stack trace from previous location ---
   at Polly.ResiliencePipeline.<>c.<<ExecuteAsync>b__3_0>d.MoveNext()
--- End of stack trace from previous location ---
   at Polly.Outcome`1.GetResultOrRethrow()
   at Polly.ResiliencePipeline.ExecuteAsync(Func`2 callback, CancellationToken cancellationToken)
   at Shekinah.Infrastructure.Outbox.OutboxProcessor.ProcessPendingAsync(CancellationToken ct) in C:\NG\Angular\shekina-site\backend\src\Shekinah.Infrastructure\Outbox\OutboxProcessor.cs:line 53
2026-09-22 14:10:27.131 -06:00 [WRN] Fallo enviando mensaje de outbox 6ab2df8fb917b3ca4cc0f3fd, intento 3
MailKit.Security.AuthenticationException: 535: 5.7.8 Username and Password not accepted. For more information, go to
5.7.8  https://support.google.com/mail/?p=BadCredentials 586e51a60fabf-4908e65bc23sm544455fac.8 - gsmtp
 ---> MailKit.Net.Smtp.SmtpCommandException: 5.7.8 Username and Password not accepted. For more information, go to
5.7.8  https://support.google.com/mail/?p=BadCredentials 586e51a60fabf-4908e65bc23sm544455fac.8 - gsmtp
   --- End of inner exception stack trace ---
   at MailKit.Net.Smtp.SmtpClient.AuthenticateAsync(Encoding encoding, ICredentials credentials, CancellationToken cancellationToken)
   at Shekinah.Infrastructure.Outbox.OutboxProcessor.SendEmailAsync(BsonDocument message, CancellationToken ct) in C:\NG\Angular\shekina-site\backend\src\Shekinah.Infrastructure\Outbox\OutboxProcessor.cs:line 112
   at Shekinah.Infrastructure.Outbox.OutboxProcessor.<>c__DisplayClass7_0.<<ProcessPendingAsync>b__0>d.MoveNext() in C:\NG\Angular\shekina-site\backend\src\Shekinah.Infrastructure\Outbox\OutboxProcessor.cs:line 53
--- End of stack trace from previous location ---
   at Polly.ResiliencePipeline.<>c.<<ExecuteAsync>b__3_0>d.MoveNext()
--- End of stack trace from previous location ---
   at Polly.Outcome`1.GetResultOrRethrow()
   at Polly.ResiliencePipeline.ExecuteAsync(Func`2 callback, CancellationToken cancellationToken)
   at Shekinah.Infrastructure.Outbox.OutboxProcessor.ProcessPendingAsync(CancellationToken ct) in C:\NG\Angular\shekina-site\backend\src\Shekinah.Infrastructure\Outbox\OutboxProcessor.cs:line 53
2026-09-22 14:10:35.736 -06:00 [WRN] Fallo enviando mensaje de outbox 6ab2df8fb917b3ca4cc0f3fe, intento 3
MailKit.Security.AuthenticationException: 535: 5.7.8 Username and Password not accepted. For more information, go to
5.7.8  https://support.google.com/mail/?p=BadCredentials 006d021491bc7-6d2cee6919fsm626083eaf.9 - gsmtp
 ---> MailKit.Net.Smtp.SmtpCommandException: 5.7.8 Username and Password not accepted. For more information, go to
5.7.8  https://support.google.com/mail/?p=BadCredentials 006d021491bc7-6d2cee6919fsm626083eaf.9 - gsmtp
   --- End of inner exception stack trace ---
   at MailKit.Net.Smtp.SmtpClient.AuthenticateAsync(Encoding encoding, ICredentials credentials, CancellationToken cancellationToken)
   at Shekinah.Infrastructure.Outbox.OutboxProcessor.SendEmailAsync(BsonDocument message, CancellationToken ct) in C:\NG\Angular\shekina-site\backend\src\Shekinah.Infrastructure\Outbox\OutboxProcessor.cs:line 112
   at Shekinah.Infrastructure.Outbox.OutboxProcessor.<>c__DisplayClass7_0.<<ProcessPendingAsync>b__0>d.MoveNext() in C:\NG\Angular\shekina-site\backend\src\Shekinah.Infrastructure\Outbox\OutboxProcessor.cs:line 53
--- End of stack trace from previous location ---
   at Polly.ResiliencePipeline.<>c.<<ExecuteAsync>b__3_0>d.MoveNext()
--- End of stack trace from previous location ---
   at Polly.Outcome`1.GetResultOrRethrow()
   at Polly.ResiliencePipeline.ExecuteAsync(Func`2 callback, CancellationToken cancellationToken)
   at Shekinah.Infrastructure.Outbox.OutboxProcessor.ProcessPendingAsync(CancellationToken ct) in C:\NG\Angular\shekina-site\backend\src\Shekinah.Infrastructure\Outbox\OutboxProcessor.cs:line 53
2026-09-22 14:10:44.296 -06:00 [WRN] Fallo enviando mensaje de outbox 6ab2df4db917b3ca4cc0f3fa, intento 4
MailKit.Security.AuthenticationException: 535: 5.7.8 Username and Password not accepted. For more information, go to
5.7.8  https://support.google.com/mail/?p=BadCredentials 5614622812f47-4d5c4ae6056sm393054b6e.13 - gsmtp
 ---> MailKit.Net.Smtp.SmtpCommandException: 5.7.8 Username and Password not accepted. For more information, go to
5.7.8  https://support.google.com/mail/?p=BadCredentials 5614622812f47-4d5c4ae6056sm393054b6e.13 - gsmtp
   --- End of inner exception stack trace ---
   at MailKit.Net.Smtp.SmtpClient.AuthenticateAsync(Encoding encoding, ICredentials credentials, CancellationToken cancellationToken)
   at Shekinah.Infrastructure.Outbox.OutboxProcessor.SendEmailAsync(BsonDocument message, CancellationToken ct) in C:\NG\Angular\shekina-site\backend\src\Shekinah.Infrastructure\Outbox\OutboxProcessor.cs:line 112
   at Shekinah.Infrastructure.Outbox.OutboxProcessor.<>c__DisplayClass7_0.<<ProcessPendingAsync>b__0>d.MoveNext() in C:\NG\Angular\shekina-site\backend\src\Shekinah.Infrastructure\Outbox\OutboxProcessor.cs:line 53
--- End of stack trace from previous location ---
   at Polly.ResiliencePipeline.<>c.<<ExecuteAsync>b__3_0>d.MoveNext()
--- End of stack trace from previous location ---
   at Polly.Outcome`1.GetResultOrRethrow()
   at Polly.ResiliencePipeline.ExecuteAsync(Func`2 callback, CancellationToken cancellationToken)
   at Shekinah.Infrastructure.Outbox.OutboxProcessor.ProcessPendingAsync(CancellationToken ct) in C:\NG\Angular\shekina-site\backend\src\Shekinah.Infrastructure\Outbox\OutboxProcessor.cs:line 53
2026-09-22 14:10:52.414 -06:00 [WRN] Fallo enviando mensaje de outbox 6ab2df8fb917b3ca4cc0f3ff, intento 3
MailKit.Net.Smtp.SmtpProtocolException: The SMTP server has unexpectedly disconnected: 4.7.0 Too many login attempts, please try again later. For more information,
4.7.0 go to
4.7.0  https://support.google.com/mail/answer/7126229 46e09a7af769-81603fc79cesm652447a34.10 - gsmtp
   at MailKit.Net.Smtp.SmtpStream.ReadAheadAsync(CancellationToken cancellationToken)
   at MailKit.Net.Smtp.SmtpStream.ReadResponseAsync(CancellationToken cancellationToken)
   at MailKit.Net.Smtp.SmtpStream.SendCommandAsync(String command, CancellationToken cancellationToken)
   at MailKit.Net.Smtp.SmtpClient.SendCommandInternalAsync(String command, CancellationToken cancellationToken)
   at MailKit.Net.Smtp.SmtpClient.AuthenticateAsync(Encoding encoding, ICredentials credentials, CancellationToken cancellationToken)
   at Shekinah.Infrastructure.Outbox.OutboxProcessor.SendEmailAsync(BsonDocument message, CancellationToken ct) in C:\NG\Angular\shekina-site\backend\src\Shekinah.Infrastructure\Outbox\OutboxProcessor.cs:line 112
   at Shekinah.Infrastructure.Outbox.OutboxProcessor.<>c__DisplayClass7_0.<<ProcessPendingAsync>b__0>d.MoveNext() in C:\NG\Angular\shekina-site\backend\src\Shekinah.Infrastructure\Outbox\OutboxProcessor.cs:line 53
--- End of stack trace from previous location ---
   at Polly.ResiliencePipeline.<>c.<<ExecuteAsync>b__3_0>d.MoveNext()
--- End of stack trace from previous location ---
   at Polly.Outcome`1.GetResultOrRethrow()
   at Polly.ResiliencePipeline.ExecuteAsync(Func`2 callback, CancellationToken cancellationToken)
   at Shekinah.Infrastructure.Outbox.OutboxProcessor.ProcessPendingAsync(CancellationToken ct) in C:\NG\Angular\shekina-site\backend\src\Shekinah.Infrastructure\Outbox\OutboxProcessor.cs:line 53
2026-09-22 14:10:53.607 -06:00 [INF] Application is shutting down...
2026-09-22 14:17:34.284 -06:00 [INF] User profile is available. Using 'C:\Users\User\AppData\Local\ASP.NET\DataProtection-Keys' as key repository and Windows DPAPI to encrypt keys at rest.
2026-09-22 14:17:34.696 -06:00 [INF] Now listening on: https://localhost:5081
2026-09-22 14:17:34.700 -06:00 [INF] Now listening on: http://localhost:5080
2026-09-22 14:17:34.703 -06:00 [INF] Application started. Press Ctrl+C to shut down.
2026-09-22 14:17:34.704 -06:00 [INF] Hosting environment: Development
2026-09-22 14:17:34.706 -06:00 [INF] Content root path: C:\NG\Angular\shekina-site\backend\src\Shekinah.Api
2026-09-22 14:17:34.958 -06:00 [INF] Request starting HTTP/2 GET https://localhost:5081/scalar/v1 - null null
2026-09-22 14:17:35.085 -06:00 [INF] Authorization failed. These requirements were not met:
DenyAnonymousAuthorizationRequirement: Requires an authenticated user.
2026-09-22 14:17:35.090 -06:00 [INF] AuthenticationScheme: Bearer was challenged.
2026-09-22 14:17:35.092 -06:00 [INF] Request finished HTTP/2 GET https://localhost:5081/scalar/v1 - 401 0 null 140.8292ms
2026-09-22 14:17:43.242 -06:00 [WRN] Fallo enviando mensaje de outbox 6ab2df22b917b3ca4cc0f3f7, intento 5
MailKit.Security.AuthenticationException: 535: 5.7.8 Username and Password not accepted. For more information, go to
5.7.8  https://support.google.com/mail/?p=BadCredentials 006d021491bc7-6d2ce763f72sm788276eaf.7 - gsmtp
 ---> MailKit.Net.Smtp.SmtpCommandException: 5.7.8 Username and Password not accepted. For more information, go to
5.7.8  https://support.google.com/mail/?p=BadCredentials 006d021491bc7-6d2ce763f72sm788276eaf.7 - gsmtp
   --- End of inner exception stack trace ---
   at MailKit.Net.Smtp.SmtpClient.AuthenticateAsync(Encoding encoding, ICredentials credentials, CancellationToken cancellationToken)
   at Shekinah.Infrastructure.Outbox.OutboxProcessor.SendEmailAsync(BsonDocument message, CancellationToken ct) in C:\NG\Angular\shekina-site\backend\src\Shekinah.Infrastructure\Outbox\OutboxProcessor.cs:line 112
   at Shekinah.Infrastructure.Outbox.OutboxProcessor.<>c__DisplayClass7_0.<<ProcessPendingAsync>b__0>d.MoveNext() in C:\NG\Angular\shekina-site\backend\src\Shekinah.Infrastructure\Outbox\OutboxProcessor.cs:line 53
--- End of stack trace from previous location ---
   at Polly.ResiliencePipeline.<>c.<<ExecuteAsync>b__3_0>d.MoveNext()
--- End of stack trace from previous location ---
   at Polly.Outcome`1.GetResultOrRethrow()
   at Polly.ResiliencePipeline.ExecuteAsync(Func`2 callback, CancellationToken cancellationToken)
   at Shekinah.Infrastructure.Outbox.OutboxProcessor.ProcessPendingAsync(CancellationToken ct) in C:\NG\Angular\shekina-site\backend\src\Shekinah.Infrastructure\Outbox\OutboxProcessor.cs:line 53
2026-09-22 14:17:51.957 -06:00 [WRN] Fallo enviando mensaje de outbox 6ab2df4db917b3ca4cc0f3fb, intento 4
MailKit.Security.AuthenticationException: 535: 5.7.8 Username and Password not accepted. For more information, go to
5.7.8  https://support.google.com/mail/?p=BadCredentials 5614622812f47-4d5beaea7e2sm515735b6e.0 - gsmtp
 ---> MailKit.Net.Smtp.SmtpCommandException: 5.7.8 Username and Password not accepted. For more information, go to
5.7.8  https://support.google.com/mail/?p=BadCredentials 5614622812f47-4d5beaea7e2sm515735b6e.0 - gsmtp
   --- End of inner exception stack trace ---
   at MailKit.Net.Smtp.SmtpClient.AuthenticateAsync(Encoding encoding, ICredentials credentials, CancellationToken cancellationToken)
   at Shekinah.Infrastructure.Outbox.OutboxProcessor.SendEmailAsync(BsonDocument message, CancellationToken ct) in C:\NG\Angular\shekina-site\backend\src\Shekinah.Infrastructure\Outbox\OutboxProcessor.cs:line 112
   at Shekinah.Infrastructure.Outbox.OutboxProcessor.<>c__DisplayClass7_0.<<ProcessPendingAsync>b__0>d.MoveNext() in C:\NG\Angular\shekina-site\backend\src\Shekinah.Infrastructure\Outbox\OutboxProcessor.cs:line 53
--- End of stack trace from previous location ---
   at Polly.ResiliencePipeline.<>c.<<ExecuteAsync>b__3_0>d.MoveNext()
--- End of stack trace from previous location ---
   at Polly.Outcome`1.GetResultOrRethrow()
   at Polly.ResiliencePipeline.ExecuteAsync(Func`2 callback, CancellationToken cancellationToken)
   at Shekinah.Infrastructure.Outbox.OutboxProcessor.ProcessPendingAsync(CancellationToken ct) in C:\NG\Angular\shekina-site\backend\src\Shekinah.Infrastructure\Outbox\OutboxProcessor.cs:line 53
2026-09-22 14:18:00.577 -06:00 [WRN] Fallo enviando mensaje de outbox 6ab2df22b917b3ca4cc0f3f8, intento 5
MailKit.Security.AuthenticationException: 535: 5.7.8 Username and Password not accepted. For more information, go to
5.7.8  https://support.google.com/mail/?p=BadCredentials 46e09a7af769-816049b51b2sm653855a34.22 - gsmtp
 ---> MailKit.Net.Smtp.SmtpCommandException: 5.7.8 Username and Password not accepted. For more information, go to
5.7.8  https://support.google.com/mail/?p=BadCredentials 46e09a7af769-816049b51b2sm653855a34.22 - gsmtp
   --- End of inner exception stack trace ---
   at MailKit.Net.Smtp.SmtpClient.AuthenticateAsync(Encoding encoding, ICredentials credentials, CancellationToken cancellationToken)
   at Shekinah.Infrastructure.Outbox.OutboxProcessor.SendEmailAsync(BsonDocument message, CancellationToken ct) in C:\NG\Angular\shekina-site\backend\src\Shekinah.Infrastructure\Outbox\OutboxProcessor.cs:line 112
   at Shekinah.Infrastructure.Outbox.OutboxProcessor.<>c__DisplayClass7_0.<<ProcessPendingAsync>b__0>d.MoveNext() in C:\NG\Angular\shekina-site\backend\src\Shekinah.Infrastructure\Outbox\OutboxProcessor.cs:line 53
--- End of stack trace from previous location ---
   at Polly.ResiliencePipeline.<>c.<<ExecuteAsync>b__3_0>d.MoveNext()
--- End of stack trace from previous location ---
   at Polly.Outcome`1.GetResultOrRethrow()
   at Polly.ResiliencePipeline.ExecuteAsync(Func`2 callback, CancellationToken cancellationToken)
   at Shekinah.Infrastructure.Outbox.OutboxProcessor.ProcessPendingAsync(CancellationToken ct) in C:\NG\Angular\shekina-site\backend\src\Shekinah.Infrastructure\Outbox\OutboxProcessor.cs:line 53
2026-09-22 14:18:09.299 -06:00 [WRN] Fallo enviando mensaje de outbox 6ab2df4db917b3ca4cc0f3fc, intento 4
MailKit.Security.AuthenticationException: 535: 5.7.8 Username and Password not accepted. For more information, go to
5.7.8  https://support.google.com/mail/?p=BadCredentials 586e51a60fabf-4908c3dce96sm598933fac.2 - gsmtp
 ---> MailKit.Net.Smtp.SmtpCommandException: 5.7.8 Username and Password not accepted. For more information, go to
5.7.8  https://support.google.com/mail/?p=BadCredentials 586e51a60fabf-4908c3dce96sm598933fac.2 - gsmtp
   --- End of inner exception stack trace ---
   at MailKit.Net.Smtp.SmtpClient.AuthenticateAsync(Encoding encoding, ICredentials credentials, CancellationToken cancellationToken)
   at Shekinah.Infrastructure.Outbox.OutboxProcessor.SendEmailAsync(BsonDocument message, CancellationToken ct) in C:\NG\Angular\shekina-site\backend\src\Shekinah.Infrastructure\Outbox\OutboxProcessor.cs:line 112
   at Shekinah.Infrastructure.Outbox.OutboxProcessor.<>c__DisplayClass7_0.<<ProcessPendingAsync>b__0>d.MoveNext() in C:\NG\Angular\shekina-site\backend\src\Shekinah.Infrastructure\Outbox\OutboxProcessor.cs:line 53
--- End of stack trace from previous location ---
   at Polly.ResiliencePipeline.<>c.<<ExecuteAsync>b__3_0>d.MoveNext()
--- End of stack trace from previous location ---
   at Polly.Outcome`1.GetResultOrRethrow()
   at Polly.ResiliencePipeline.ExecuteAsync(Func`2 callback, CancellationToken cancellationToken)
   at Shekinah.Infrastructure.Outbox.OutboxProcessor.ProcessPendingAsync(CancellationToken ct) in C:\NG\Angular\shekina-site\backend\src\Shekinah.Infrastructure\Outbox\OutboxProcessor.cs:line 53
2026-09-22 14:18:17.810 -06:00 [WRN] Fallo enviando mensaje de outbox 6ab2df8fb917b3ca4cc0f3fd, intento 4
MailKit.Security.AuthenticationException: 535: 5.7.8 Username and Password not accepted. For more information, go to
5.7.8  https://support.google.com/mail/?p=BadCredentials 46e09a7af769-81603ad1c5esm670361a34.8 - gsmtp
 ---> MailKit.Net.Smtp.SmtpCommandException: 5.7.8 Username and Password not accepted. For more information, go to
5.7.8  https://support.google.com/mail/?p=BadCredentials 46e09a7af769-81603ad1c5esm670361a34.8 - gsmtp
   --- End of inner exception stack trace ---
   at MailKit.Net.Smtp.SmtpClient.AuthenticateAsync(Encoding encoding, ICredentials credentials, CancellationToken cancellationToken)
   at Shekinah.Infrastructure.Outbox.OutboxProcessor.SendEmailAsync(BsonDocument message, CancellationToken ct) in C:\NG\Angular\shekina-site\backend\src\Shekinah.Infrastructure\Outbox\OutboxProcessor.cs:line 112
   at Shekinah.Infrastructure.Outbox.OutboxProcessor.<>c__DisplayClass7_0.<<ProcessPendingAsync>b__0>d.MoveNext() in C:\NG\Angular\shekina-site\backend\src\Shekinah.Infrastructure\Outbox\OutboxProcessor.cs:line 53
--- End of stack trace from previous location ---
   at Polly.ResiliencePipeline.<>c.<<ExecuteAsync>b__3_0>d.MoveNext()
--- End of stack trace from previous location ---
   at Polly.Outcome`1.GetResultOrRethrow()
   at Polly.ResiliencePipeline.ExecuteAsync(Func`2 callback, CancellationToken cancellationToken)
   at Shekinah.Infrastructure.Outbox.OutboxProcessor.ProcessPendingAsync(CancellationToken ct) in C:\NG\Angular\shekina-site\backend\src\Shekinah.Infrastructure\Outbox\OutboxProcessor.cs:line 53
2026-09-22 14:18:26.369 -06:00 [WRN] Fallo enviando mensaje de outbox 6ab2df22b917b3ca4cc0f3f9, intento 5
MailKit.Security.AuthenticationException: 535: 5.7.8 Username and Password not accepted. For more information, go to
5.7.8  https://support.google.com/mail/?p=BadCredentials 46e09a7af769-81603ad13f7sm629711a34.7 - gsmtp
 ---> MailKit.Net.Smtp.SmtpCommandException: 5.7.8 Username and Password not accepted. For more information, go to
5.7.8  https://support.google.com/mail/?p=BadCredentials 46e09a7af769-81603ad13f7sm629711a34.7 - gsmtp
   --- End of inner exception stack trace ---
   at MailKit.Net.Smtp.SmtpClient.AuthenticateAsync(Encoding encoding, ICredentials credentials, CancellationToken cancellationToken)
   at Shekinah.Infrastructure.Outbox.OutboxProcessor.SendEmailAsync(BsonDocument message, CancellationToken ct) in C:\NG\Angular\shekina-site\backend\src\Shekinah.Infrastructure\Outbox\OutboxProcessor.cs:line 112
   at Shekinah.Infrastructure.Outbox.OutboxProcessor.<>c__DisplayClass7_0.<<ProcessPendingAsync>b__0>d.MoveNext() in C:\NG\Angular\shekina-site\backend\src\Shekinah.Infrastructure\Outbox\OutboxProcessor.cs:line 53
--- End of stack trace from previous location ---
   at Polly.ResiliencePipeline.<>c.<<ExecuteAsync>b__3_0>d.MoveNext()
--- End of stack trace from previous location ---
   at Polly.Outcome`1.GetResultOrRethrow()
   at Polly.ResiliencePipeline.ExecuteAsync(Func`2 callback, CancellationToken cancellationToken)
   at Shekinah.Infrastructure.Outbox.OutboxProcessor.ProcessPendingAsync(CancellationToken ct) in C:\NG\Angular\shekina-site\backend\src\Shekinah.Infrastructure\Outbox\OutboxProcessor.cs:line 53
2026-09-22 14:18:34.848 -06:00 [WRN] Fallo enviando mensaje de outbox 6ab2df8fb917b3ca4cc0f3fe, intento 4
MailKit.Security.AuthenticationException: 535: 5.7.8 Username and Password not accepted. For more information, go to
5.7.8  https://support.google.com/mail/?p=BadCredentials 006d021491bc7-6d2cf55362asm616376eaf.13 - gsmtp
 ---> MailKit.Net.Smtp.SmtpCommandException: 5.7.8 Username and Password not accepted. For more information, go to
5.7.8  https://support.google.com/mail/?p=BadCredentials 006d021491bc7-6d2cf55362asm616376eaf.13 - gsmtp
   --- End of inner exception stack trace ---
   at MailKit.Net.Smtp.SmtpClient.AuthenticateAsync(Encoding encoding, ICredentials credentials, CancellationToken cancellationToken)
   at Shekinah.Infrastructure.Outbox.OutboxProcessor.SendEmailAsync(BsonDocument message, CancellationToken ct) in C:\NG\Angular\shekina-site\backend\src\Shekinah.Infrastructure\Outbox\OutboxProcessor.cs:line 112
   at Shekinah.Infrastructure.Outbox.OutboxProcessor.<>c__DisplayClass7_0.<<ProcessPendingAsync>b__0>d.MoveNext() in C:\NG\Angular\shekina-site\backend\src\Shekinah.Infrastructure\Outbox\OutboxProcessor.cs:line 53
--- End of stack trace from previous location ---
   at Polly.ResiliencePipeline.<>c.<<ExecuteAsync>b__3_0>d.MoveNext()
--- End of stack trace from previous location ---
   at Polly.Outcome`1.GetResultOrRethrow()
   at Polly.ResiliencePipeline.ExecuteAsync(Func`2 callback, CancellationToken cancellationToken)
   at Shekinah.Infrastructure.Outbox.OutboxProcessor.ProcessPendingAsync(CancellationToken ct) in C:\NG\Angular\shekina-site\backend\src\Shekinah.Infrastructure\Outbox\OutboxProcessor.cs:line 53
2026-09-22 14:18:43.353 -06:00 [WRN] Fallo enviando mensaje de outbox 6ab2df8fb917b3ca4cc0f3ff, intento 4
MailKit.Security.AuthenticationException: 535: 5.7.8 Username and Password not accepted. For more information, go to
5.7.8  https://support.google.com/mail/?p=BadCredentials 46e09a7af769-816049bb6fbsm682590a34.23 - gsmtp
 ---> MailKit.Net.Smtp.SmtpCommandException: 5.7.8 Username and Password not accepted. For more information, go to
5.7.8  https://support.google.com/mail/?p=BadCredentials 46e09a7af769-816049bb6fbsm682590a34.23 - gsmtp
   --- End of inner exception stack trace ---
   at MailKit.Net.Smtp.SmtpClient.AuthenticateAsync(Encoding encoding, ICredentials credentials, CancellationToken cancellationToken)
   at Shekinah.Infrastructure.Outbox.OutboxProcessor.SendEmailAsync(BsonDocument message, CancellationToken ct) in C:\NG\Angular\shekina-site\backend\src\Shekinah.Infrastructure\Outbox\OutboxProcessor.cs:line 112
   at Shekinah.Infrastructure.Outbox.OutboxProcessor.<>c__DisplayClass7_0.<<ProcessPendingAsync>b__0>d.MoveNext() in C:\NG\Angular\shekina-site\backend\src\Shekinah.Infrastructure\Outbox\OutboxProcessor.cs:line 53
--- End of stack trace from previous location ---
   at Polly.ResiliencePipeline.<>c.<<ExecuteAsync>b__3_0>d.MoveNext()
--- End of stack trace from previous location ---
   at Polly.Outcome`1.GetResultOrRethrow()
   at Polly.ResiliencePipeline.ExecuteAsync(Func`2 callback, CancellationToken cancellationToken)
   at Shekinah.Infrastructure.Outbox.OutboxProcessor.ProcessPendingAsync(CancellationToken ct) in C:\NG\Angular\shekina-site\backend\src\Shekinah.Infrastructure\Outbox\OutboxProcessor.cs:line 53
2026-09-22 14:18:51.912 -06:00 [WRN] Fallo enviando mensaje de outbox 6ab2df4db917b3ca4cc0f3fa, intento 5
MailKit.Security.AuthenticationException: 535: 5.7.8 Username and Password not accepted. For more information, go to
5.7.8  https://support.google.com/mail/?p=BadCredentials 46e09a7af769-816044c7232sm818648a34.16 - gsmtp
 ---> MailKit.Net.Smtp.SmtpCommandException: 5.7.8 Username and Password not accepted. For more information, go to
5.7.8  https://support.google.com/mail/?p=BadCredentials 46e09a7af769-816044c7232sm818648a34.16 - gsmtp
   --- End of inner exception stack trace ---
   at MailKit.Net.Smtp.SmtpClient.AuthenticateAsync(Encoding encoding, ICredentials credentials, CancellationToken cancellationToken)
   at Shekinah.Infrastructure.Outbox.OutboxProcessor.SendEmailAsync(BsonDocument message, CancellationToken ct) in C:\NG\Angular\shekina-site\backend\src\Shekinah.Infrastructure\Outbox\OutboxProcessor.cs:line 112
   at Shekinah.Infrastructure.Outbox.OutboxProcessor.<>c__DisplayClass7_0.<<ProcessPendingAsync>b__0>d.MoveNext() in C:\NG\Angular\shekina-site\backend\src\Shekinah.Infrastructure\Outbox\OutboxProcessor.cs:line 53
--- End of stack trace from previous location ---
   at Polly.ResiliencePipeline.<>c.<<ExecuteAsync>b__3_0>d.MoveNext()
--- End of stack trace from previous location ---
   at Polly.Outcome`1.GetResultOrRethrow()
   at Polly.ResiliencePipeline.ExecuteAsync(Func`2 callback, CancellationToken cancellationToken)
   at Shekinah.Infrastructure.Outbox.OutboxProcessor.ProcessPendingAsync(CancellationToken ct) in C:\NG\Angular\shekina-site\backend\src\Shekinah.Infrastructure\Outbox\OutboxProcessor.cs:line 53
2026-09-22 14:19:30.490 -06:00 [WRN] Fallo enviando mensaje de outbox 6ab2df4db917b3ca4cc0f3fb, intento 5
MailKit.Security.AuthenticationException: 535: 5.7.8 Username and Password not accepted. For more information, go to
5.7.8  https://support.google.com/mail/?p=BadCredentials 46e09a7af769-816018d81f8sm714254a34.3 - gsmtp
 ---> MailKit.Net.Smtp.SmtpCommandException: 5.7.8 Username and Password not accepted. For more information, go to
5.7.8  https://support.google.com/mail/?p=BadCredentials 46e09a7af769-816018d81f8sm714254a34.3 - gsmtp
   --- End of inner exception stack trace ---
   at MailKit.Net.Smtp.SmtpClient.AuthenticateAsync(Encoding encoding, ICredentials credentials, CancellationToken cancellationToken)
   at Shekinah.Infrastructure.Outbox.OutboxProcessor.SendEmailAsync(BsonDocument message, CancellationToken ct) in C:\NG\Angular\shekina-site\backend\src\Shekinah.Infrastructure\Outbox\OutboxProcessor.cs:line 112
   at Shekinah.Infrastructure.Outbox.OutboxProcessor.<>c__DisplayClass7_0.<<ProcessPendingAsync>b__0>d.MoveNext() in C:\NG\Angular\shekina-site\backend\src\Shekinah.Infrastructure\Outbox\OutboxProcessor.cs:line 53
--- End of stack trace from previous location ---
   at Polly.ResiliencePipeline.<>c.<<ExecuteAsync>b__3_0>d.MoveNext()
--- End of stack trace from previous location ---
   at Polly.Outcome`1.GetResultOrRethrow()
   at Polly.ResiliencePipeline.ExecuteAsync(Func`2 callback, CancellationToken cancellationToken)
   at Shekinah.Infrastructure.Outbox.OutboxProcessor.ProcessPendingAsync(CancellationToken ct) in C:\NG\Angular\shekina-site\backend\src\Shekinah.Infrastructure\Outbox\OutboxProcessor.cs:line 53
2026-09-22 14:19:49.161 -06:00 [WRN] Fallo enviando mensaje de outbox 6ab2df4db917b3ca4cc0f3fc, intento 5
MailKit.Security.AuthenticationException: 535: 5.7.8 Username and Password not accepted. For more information, go to
5.7.8  https://support.google.com/mail/?p=BadCredentials 586e51a60fabf-4908eb9334esm546857fac.13 - gsmtp
 ---> MailKit.Net.Smtp.SmtpCommandException: 5.7.8 Username and Password not accepted. For more information, go to
5.7.8  https://support.google.com/mail/?p=BadCredentials 586e51a60fabf-4908eb9334esm546857fac.13 - gsmtp
   --- End of inner exception stack trace ---
   at MailKit.Net.Smtp.SmtpClient.AuthenticateAsync(Encoding encoding, ICredentials credentials, CancellationToken cancellationToken)
   at Shekinah.Infrastructure.Outbox.OutboxProcessor.SendEmailAsync(BsonDocument message, CancellationToken ct) in C:\NG\Angular\shekina-site\backend\src\Shekinah.Infrastructure\Outbox\OutboxProcessor.cs:line 112
   at Shekinah.Infrastructure.Outbox.OutboxProcessor.<>c__DisplayClass7_0.<<ProcessPendingAsync>b__0>d.MoveNext() in C:\NG\Angular\shekina-site\backend\src\Shekinah.Infrastructure\Outbox\OutboxProcessor.cs:line 53
--- End of stack trace from previous location ---
   at Polly.ResiliencePipeline.<>c.<<ExecuteAsync>b__3_0>d.MoveNext()
--- End of stack trace from previous location ---
   at Polly.Outcome`1.GetResultOrRethrow()
   at Polly.ResiliencePipeline.ExecuteAsync(Func`2 callback, CancellationToken cancellationToken)
   at Shekinah.Infrastructure.Outbox.OutboxProcessor.ProcessPendingAsync(CancellationToken ct) in C:\NG\Angular\shekina-site\backend\src\Shekinah.Infrastructure\Outbox\OutboxProcessor.cs:line 53
2026-09-22 14:19:57.961 -06:00 [WRN] Fallo enviando mensaje de outbox 6ab2df8fb917b3ca4cc0f3fd, intento 5
MailKit.Security.AuthenticationException: 535: 5.7.8 Username and Password not accepted. For more information, go to
5.7.8  https://support.google.com/mail/?p=BadCredentials 006d021491bc7-6d2ce25c058sm616516eaf.5 - gsmtp
 ---> MailKit.Net.Smtp.SmtpCommandException: 5.7.8 Username and Password not accepted. For more information, go to
5.7.8  https://support.google.com/mail/?p=BadCredentials 006d021491bc7-6d2ce25c058sm616516eaf.5 - gsmtp
   --- End of inner exception stack trace ---
   at MailKit.Net.Smtp.SmtpClient.AuthenticateAsync(Encoding encoding, ICredentials credentials, CancellationToken cancellationToken)
   at Shekinah.Infrastructure.Outbox.OutboxProcessor.SendEmailAsync(BsonDocument message, CancellationToken ct) in C:\NG\Angular\shekina-site\backend\src\Shekinah.Infrastructure\Outbox\OutboxProcessor.cs:line 112
   at Shekinah.Infrastructure.Outbox.OutboxProcessor.<>c__DisplayClass7_0.<<ProcessPendingAsync>b__0>d.MoveNext() in C:\NG\Angular\shekina-site\backend\src\Shekinah.Infrastructure\Outbox\OutboxProcessor.cs:line 53
--- End of stack trace from previous location ---
   at Polly.ResiliencePipeline.<>c.<<ExecuteAsync>b__3_0>d.MoveNext()
--- End of stack trace from previous location ---
   at Polly.Outcome`1.GetResultOrRethrow()
   at Polly.ResiliencePipeline.ExecuteAsync(Func`2 callback, CancellationToken cancellationToken)
   at Shekinah.Infrastructure.Outbox.OutboxProcessor.ProcessPendingAsync(CancellationToken ct) in C:\NG\Angular\shekina-site\backend\src\Shekinah.Infrastructure\Outbox\OutboxProcessor.cs:line 53
2026-09-22 14:20:16.572 -06:00 [WRN] Fallo enviando mensaje de outbox 6ab2df8fb917b3ca4cc0f3fe, intento 5
MailKit.Security.AuthenticationException: 535: 5.7.8 Username and Password not accepted. For more information, go to
5.7.8  https://support.google.com/mail/?p=BadCredentials 46e09a7af769-81603ad2b19sm717597a34.4 - gsmtp
 ---> MailKit.Net.Smtp.SmtpCommandException: 5.7.8 Username and Password not accepted. For more information, go to
5.7.8  https://support.google.com/mail/?p=BadCredentials 46e09a7af769-81603ad2b19sm717597a34.4 - gsmtp
   --- End of inner exception stack trace ---
   at MailKit.Net.Smtp.SmtpClient.AuthenticateAsync(Encoding encoding, ICredentials credentials, CancellationToken cancellationToken)
   at Shekinah.Infrastructure.Outbox.OutboxProcessor.SendEmailAsync(BsonDocument message, CancellationToken ct) in C:\NG\Angular\shekina-site\backend\src\Shekinah.Infrastructure\Outbox\OutboxProcessor.cs:line 112
   at Shekinah.Infrastructure.Outbox.OutboxProcessor.<>c__DisplayClass7_0.<<ProcessPendingAsync>b__0>d.MoveNext() in C:\NG\Angular\shekina-site\backend\src\Shekinah.Infrastructure\Outbox\OutboxProcessor.cs:line 53
--- End of stack trace from previous location ---
   at Polly.ResiliencePipeline.<>c.<<ExecuteAsync>b__3_0>d.MoveNext()
--- End of stack trace from previous location ---
   at Polly.Outcome`1.GetResultOrRethrow()
   at Polly.ResiliencePipeline.ExecuteAsync(Func`2 callback, CancellationToken cancellationToken)
   at Shekinah.Infrastructure.Outbox.OutboxProcessor.ProcessPendingAsync(CancellationToken ct) in C:\NG\Angular\shekina-site\backend\src\Shekinah.Infrastructure\Outbox\OutboxProcessor.cs:line 53
2026-09-22 14:20:25.279 -06:00 [WRN] Fallo enviando mensaje de outbox 6ab2df8fb917b3ca4cc0f3ff, intento 5
MailKit.Security.AuthenticationException: 535: 5.7.8 Username and Password not accepted. For more information, go to
5.7.8  https://support.google.com/mail/?p=BadCredentials 586e51a60fabf-4908e11e7acsm563671fac.5 - gsmtp
 ---> MailKit.Net.Smtp.SmtpCommandException: 5.7.8 Username and Password not accepted. For more information, go to
5.7.8  https://support.google.com/mail/?p=BadCredentials 586e51a60fabf-4908e11e7acsm563671fac.5 - gsmtp
   --- End of inner exception stack trace ---
   at MailKit.Net.Smtp.SmtpClient.AuthenticateAsync(Encoding encoding, ICredentials credentials, CancellationToken cancellationToken)
   at Shekinah.Infrastructure.Outbox.OutboxProcessor.SendEmailAsync(BsonDocument message, CancellationToken ct) in C:\NG\Angular\shekina-site\backend\src\Shekinah.Infrastructure\Outbox\OutboxProcessor.cs:line 112
   at Shekinah.Infrastructure.Outbox.OutboxProcessor.<>c__DisplayClass7_0.<<ProcessPendingAsync>b__0>d.MoveNext() in C:\NG\Angular\shekina-site\backend\src\Shekinah.Infrastructure\Outbox\OutboxProcessor.cs:line 53
--- End of stack trace from previous location ---
   at Polly.ResiliencePipeline.<>c.<<ExecuteAsync>b__3_0>d.MoveNext()
--- End of stack trace from previous location ---
   at Polly.Outcome`1.GetResultOrRethrow()
   at Polly.ResiliencePipeline.ExecuteAsync(Func`2 callback, CancellationToken cancellationToken)
   at Shekinah.Infrastructure.Outbox.OutboxProcessor.ProcessPendingAsync(CancellationToken ct) in C:\NG\Angular\shekina-site\backend\src\Shekinah.Infrastructure\Outbox\OutboxProcessor.cs:line 53
2026-09-22 15:11:02.460 -06:00 [INF] Application is shutting down...
2026-09-22 15:11:07.980 -06:00 [INF] User profile is available. Using 'C:\Users\User\AppData\Local\ASP.NET\DataProtection-Keys' as key repository and Windows DPAPI to encrypt keys at rest.
2026-09-22 15:11:08.405 -06:00 [INF] Now listening on: https://localhost:5081
2026-09-22 15:11:08.408 -06:00 [INF] Now listening on: http://localhost:5080
2026-09-22 15:11:08.410 -06:00 [INF] Application started. Press Ctrl+C to shut down.
2026-09-22 15:11:08.412 -06:00 [INF] Hosting environment: Development
2026-09-22 15:11:08.413 -06:00 [INF] Content root path: C:\NG\Angular\shekina-site\backend\src\Shekinah.Api
2026-09-22 15:11:08.845 -06:00 [INF] Request starting HTTP/2 GET https://localhost:5081/scalar/v1 - null null
2026-09-22 15:11:08.976 -06:00 [INF] Authorization failed. These requirements were not met:
DenyAnonymousAuthorizationRequirement: Requires an authenticated user.
2026-09-22 15:11:08.981 -06:00 [INF] AuthenticationScheme: Bearer was challenged.
2026-09-22 15:11:08.986 -06:00 [INF] Request finished HTTP/2 GET https://localhost:5081/scalar/v1 - 401 0 null 146.1291ms
2026-09-22 15:11:19.848 -06:00 [INF] Request starting HTTP/1.1 GET https://localhost:5081/api/v1/auth/me - null null
2026-09-22 15:11:19.962 -06:00 [INF] Failed to validate the token.
Microsoft.IdentityModel.Tokens.SecurityTokenExpiredException: IDX10223: Lifetime validation failed. The token is expired. ValidTo (UTC): '9/22/2026 8:14:23 PM', Current time (UTC): '9/22/2026 9:11:19 PM'.
   at Microsoft.IdentityModel.Tokens.ValidatorUtilities.ValidateLifetime(Nullable`1 notBefore, Nullable`1 expires, SecurityToken securityToken, TokenValidationParameters validationParameters)
   at Microsoft.IdentityModel.Tokens.Validators.ValidateLifetime(Nullable`1 notBefore, Nullable`1 expires, SecurityToken securityToken, TokenValidationParameters validationParameters)
   at Microsoft.IdentityModel.JsonWebTokens.JsonWebTokenHandler.ValidateTokenPayloadAsync(JsonWebToken jsonWebToken, TokenValidationParameters validationParameters, BaseConfiguration configuration)
   at Microsoft.IdentityModel.JsonWebTokens.JsonWebTokenHandler.ValidateJWSAsync(JsonWebToken jsonWebToken, TokenValidationParameters validationParameters, BaseConfiguration configuration)
2026-09-22 15:11:20.015 -06:00 [INF] Bearer was not authenticated. Failure message: IDX10223: Lifetime validation failed. The token is expired. ValidTo (UTC): '9/22/2026 8:14:23 PM', Current time (UTC): '9/22/2026 9:11:19 PM'.
2026-09-22 15:11:20.025 -06:00 [INF] Authorization failed. These requirements were not met:
DenyAnonymousAuthorizationRequirement: Requires an authenticated user.
2026-09-22 15:11:20.033 -06:00 [INF] AuthenticationScheme: Bearer was challenged.
2026-09-22 15:11:20.040 -06:00 [INF] Request finished HTTP/1.1 GET https://localhost:5081/api/v1/auth/me - 401 0 null 191.5544ms
2026-09-22 15:11:20.100 -06:00 [INF] Request starting HTTP/1.1 POST https://localhost:5081/api/v1/auth/refresh - application/json 105
2026-09-22 15:11:20.108 -06:00 [INF] CORS policy execution successful.
2026-09-22 15:11:20.114 -06:00 [INF] Failed to validate the token.
Microsoft.IdentityModel.Tokens.SecurityTokenExpiredException: IDX10223: Lifetime validation failed. The token is expired. ValidTo (UTC): '9/22/2026 8:14:23 PM', Current time (UTC): '9/22/2026 9:11:20 PM'.
   at Microsoft.IdentityModel.Tokens.ValidatorUtilities.ValidateLifetime(Nullable`1 notBefore, Nullable`1 expires, SecurityToken securityToken, TokenValidationParameters validationParameters)
   at Microsoft.IdentityModel.Tokens.Validators.ValidateLifetime(Nullable`1 notBefore, Nullable`1 expires, SecurityToken securityToken, TokenValidationParameters validationParameters)
   at Microsoft.IdentityModel.JsonWebTokens.JsonWebTokenHandler.ValidateTokenPayloadAsync(JsonWebToken jsonWebToken, TokenValidationParameters validationParameters, BaseConfiguration configuration)
   at Microsoft.IdentityModel.JsonWebTokens.JsonWebTokenHandler.ValidateJWSAsync(JsonWebToken jsonWebToken, TokenValidationParameters validationParameters, BaseConfiguration configuration)
2026-09-22 15:11:20.118 -06:00 [INF] Bearer was not authenticated. Failure message: IDX10223: Lifetime validation failed. The token is expired. ValidTo (UTC): '9/22/2026 8:14:23 PM', Current time (UTC): '9/22/2026 9:11:20 PM'.
2026-09-22 15:11:20.124 -06:00 [INF] Executing endpoint 'HTTP: POST /api/v1/auth/refresh'
2026-09-22 15:11:20.150 -06:00 [INF] Ejecutando RefreshTokenCommand
2026-09-22 15:11:20.301 -06:00 [INF] RefreshTokenCommand completado
2026-09-22 15:11:20.308 -06:00 [INF] Setting HTTP status code 200.
2026-09-22 15:11:20.315 -06:00 [INF] Writing value of type 'RefreshTokenResponse' as Json.
2026-09-22 15:11:20.324 -06:00 [INF] Executed endpoint 'HTTP: POST /api/v1/auth/refresh'
2026-09-22 15:11:20.331 -06:00 [INF] Request finished HTTP/1.1 POST https://localhost:5081/api/v1/auth/refresh - 200 null application/json; charset=utf-8 231.8652ms
2026-09-22 15:11:20.338 -06:00 [INF] Request starting HTTP/1.1 GET https://localhost:5081/api/v1/auth/me - null null
2026-09-22 15:11:20.353 -06:00 [INF] Executing endpoint 'HTTP: GET /api/v1/auth/me'
2026-09-22 15:11:20.357 -06:00 [INF] Ejecutando GetCurrentUserQuery
2026-09-22 15:11:20.365 -06:00 [INF] GetCurrentUserQuery completado
2026-09-22 15:11:20.367 -06:00 [INF] Setting HTTP status code 200.
2026-09-22 15:11:20.370 -06:00 [INF] Writing value of type 'CurrentUserResponse' as Json.
2026-09-22 15:11:20.382 -06:00 [INF] Executed endpoint 'HTTP: GET /api/v1/auth/me'
2026-09-22 15:11:20.384 -06:00 [INF] Request finished HTTP/1.1 GET https://localhost:5081/api/v1/auth/me - 200 null application/json; charset=utf-8 46.0698ms
2026-09-22 15:11:20.421 -06:00 [INF] Request starting HTTP/1.1 GET https://localhost:5081/api/v1/academic/periods/current - null null
2026-09-22 15:11:20.422 -06:00 [INF] Request starting HTTP/1.1 GET https://localhost:5081/api/v1/catalog/regions - null null
2026-09-22 15:11:20.426 -06:00 [INF] Executing endpoint 'HTTP: GET /api/v1/academic/periods/current'
2026-09-22 15:11:20.430 -06:00 [INF] Executing endpoint 'HTTP: GET /api/v1/catalog/regions'
2026-09-22 15:11:20.435 -06:00 [INF] Ejecutando GetCurrentPeriodQuery
2026-09-22 15:11:20.436 -06:00 [INF] Ejecutando GetRegionsQuery
2026-09-22 15:11:20.444 -06:00 [INF] GetRegionsQuery completado
2026-09-22 15:11:20.447 -06:00 [INF] GetCurrentPeriodQuery completado
2026-09-22 15:11:20.448 -06:00 [INF] Setting HTTP status code 200.
2026-09-22 15:11:20.450 -06:00 [INF] Setting HTTP status code 200.
2026-09-22 15:11:20.453 -06:00 [INF] Writing value of type 'List`1' as Json.
2026-09-22 15:11:20.455 -06:00 [INF] Writing value of type 'CurrentPeriodResponse' as Json.
2026-09-22 15:11:20.462 -06:00 [INF] Executed endpoint 'HTTP: GET /api/v1/academic/periods/current'
2026-09-22 15:11:20.465 -06:00 [INF] Request finished HTTP/1.1 GET https://localhost:5081/api/v1/academic/periods/current - 200 null application/json; charset=utf-8 43.5789ms
2026-09-22 15:11:20.466 -06:00 [INF] Executed endpoint 'HTTP: GET /api/v1/catalog/regions'
2026-09-22 15:11:20.476 -06:00 [INF] Request finished HTTP/1.1 GET https://localhost:5081/api/v1/catalog/regions - 200 null application/json; charset=utf-8 54.8872ms
2026-09-22 15:11:20.479 -06:00 [INF] Request starting HTTP/1.1 GET https://localhost:5081/api/v1/payments/matrix?periodId=1e11697f1368455f50edeeef&page=1&pageSize=500 - null null
2026-09-22 15:11:20.479 -06:00 [INF] Request starting HTTP/1.1 GET https://localhost:5081/api/v1/payments/summary?monthCode=202609 - null null
2026-09-22 15:11:20.489 -06:00 [INF] Executing endpoint 'HTTP: GET /api/v1/payments/matrix'
2026-09-22 15:11:20.494 -06:00 [INF] Executing endpoint 'HTTP: GET /api/v1/payments/summary'
2026-09-22 15:11:20.502 -06:00 [INF] Ejecutando GetPaymentMatrixQuery
2026-09-22 15:11:20.502 -06:00 [INF] Ejecutando GetBillingSummaryQuery
2026-09-22 15:11:20.525 -06:00 [INF] GetBillingSummaryQuery completado
2026-09-22 15:11:20.531 -06:00 [INF] Setting HTTP status code 200.
2026-09-22 15:11:20.549 -06:00 [INF] Writing value of type 'BillingSummaryResponse' as Json.
2026-09-22 15:11:20.559 -06:00 [INF] Executed endpoint 'HTTP: GET /api/v1/payments/summary'
2026-09-22 15:11:20.563 -06:00 [INF] Request finished HTTP/1.1 GET https://localhost:5081/api/v1/payments/summary?monthCode=202609 - 200 null application/json; charset=utf-8 83.4549ms
2026-09-22 15:11:20.573 -06:00 [INF] GetPaymentMatrixQuery completado
2026-09-22 15:11:20.575 -06:00 [INF] Setting HTTP status code 200.
2026-09-22 15:11:20.584 -06:00 [INF] Writing value of type 'PagedResult`1' as Json.
2026-09-22 15:11:20.593 -06:00 [INF] Executed endpoint 'HTTP: GET /api/v1/payments/matrix'
2026-09-22 15:11:20.596 -06:00 [INF] Request finished HTTP/1.1 GET https://localhost:5081/api/v1/payments/matrix?periodId=1e11697f1368455f50edeeef&page=1&pageSize=500 - 200 null application/json; charset=utf-8 116.8717ms
2026-09-22 15:11:41.116 -06:00 [INF] Request starting HTTP/1.1 POST https://localhost:5081/api/v1/payments/manual - application/json 61
2026-09-22 15:11:41.120 -06:00 [INF] CORS policy execution successful.
2026-09-22 15:11:41.122 -06:00 [INF] Executing endpoint 'HTTP: POST /api/v1/payments/manual'
2026-09-22 15:11:41.139 -06:00 [INF] Ejecutando RegisterManualPaymentCommand
2026-09-22 15:11:41.193 -06:00 [INF] RegisterManualPaymentCommand completado
2026-09-22 15:11:41.195 -06:00 [INF] Setting HTTP status code 200.
2026-09-22 15:11:41.199 -06:00 [INF] Writing value of type 'ManualPaymentResponse' as Json.
2026-09-22 15:11:41.202 -06:00 [INF] Executed endpoint 'HTTP: POST /api/v1/payments/manual'
2026-09-22 15:11:41.204 -06:00 [INF] Request finished HTTP/1.1 POST https://localhost:5081/api/v1/payments/manual - 200 null application/json; charset=utf-8 89.044ms
2026-09-22 15:11:41.216 -06:00 [INF] Request starting HTTP/1.1 GET https://localhost:5081/api/v1/payments/matrix?periodId=1e11697f1368455f50edeeef&page=1&pageSize=500 - null null
2026-09-22 15:11:41.217 -06:00 [INF] Request starting HTTP/1.1 GET https://localhost:5081/api/v1/payments/summary?monthCode=202609 - null null
2026-09-22 15:11:41.220 -06:00 [INF] Executing endpoint 'HTTP: GET /api/v1/payments/matrix'
2026-09-22 15:11:41.224 -06:00 [INF] Executing endpoint 'HTTP: GET /api/v1/payments/summary'
2026-09-22 15:11:41.227 -06:00 [INF] Ejecutando GetPaymentMatrixQuery
2026-09-22 15:11:41.228 -06:00 [INF] Ejecutando GetBillingSummaryQuery
2026-09-22 15:11:41.236 -06:00 [INF] GetPaymentMatrixQuery completado
2026-09-22 15:11:41.238 -06:00 [INF] Setting HTTP status code 200.
2026-09-22 15:11:41.239 -06:00 [INF] Writing value of type 'PagedResult`1' as Json.
2026-09-22 15:11:41.242 -06:00 [INF] Executed endpoint 'HTTP: GET /api/v1/payments/matrix'
2026-09-22 15:11:41.244 -06:00 [INF] Request finished HTTP/1.1 GET https://localhost:5081/api/v1/payments/matrix?periodId=1e11697f1368455f50edeeef&page=1&pageSize=500 - 200 null application/json; charset=utf-8 28.4187ms
2026-09-22 15:11:41.254 -06:00 [INF] GetBillingSummaryQuery completado
2026-09-22 15:11:41.256 -06:00 [INF] Setting HTTP status code 200.
2026-09-22 15:11:41.258 -06:00 [INF] Writing value of type 'BillingSummaryResponse' as Json.
2026-09-22 15:11:41.260 -06:00 [INF] Executed endpoint 'HTTP: GET /api/v1/payments/summary'
2026-09-22 15:11:41.263 -06:00 [INF] Request finished HTTP/1.1 GET https://localhost:5081/api/v1/payments/summary?monthCode=202609 - 200 null application/json; charset=utf-8 46.169ms
2026-09-22 15:11:46.334 -06:00 [INF] Request starting HTTP/1.1 POST https://localhost:5081/api/v1/payments/receipt - application/json 61
2026-09-22 15:11:46.338 -06:00 [INF] CORS policy execution successful.
2026-09-22 15:11:46.340 -06:00 [INF] Executing endpoint 'HTTP: POST /api/v1/payments/receipt'
2026-09-22 15:11:46.360 -06:00 [INF] Ejecutando SendPaymentReceiptCommand
2026-09-22 15:11:46.898 -06:00 [INF] SendPaymentReceiptCommand completado
2026-09-22 15:11:46.899 -06:00 [INF] Setting HTTP status code 200.
2026-09-22 15:11:46.902 -06:00 [INF] Writing value of type 'SendPaymentReceiptResponse' as Json.
2026-09-22 15:11:46.905 -06:00 [INF] Executed endpoint 'HTTP: POST /api/v1/payments/receipt'
2026-09-22 15:11:46.907 -06:00 [INF] Request finished HTTP/1.1 POST https://localhost:5081/api/v1/payments/receipt - 200 null application/json; charset=utf-8 573.9429ms
2026-09-22 15:11:57.048 -06:00 [WRN] Fallo enviando mensaje de outbox 6ab2ef12cf7f73e74a860df2, intento 1
MailKit.Security.AuthenticationException: 535: 5.7.8 Username and Password not accepted. For more information, go to
5.7.8  https://support.google.com/mail/?p=BadCredentials 5614622812f47-4d5c43b74c9sm488517b6e.9 - gsmtp
 ---> MailKit.Net.Smtp.SmtpCommandException: 5.7.8 Username and Password not accepted. For more information, go to
5.7.8  https://support.google.com/mail/?p=BadCredentials 5614622812f47-4d5c43b74c9sm488517b6e.9 - gsmtp
   --- End of inner exception stack trace ---
   at MailKit.Net.Smtp.SmtpClient.AuthenticateAsync(Encoding encoding, ICredentials credentials, CancellationToken cancellationToken)
   at Shekinah.Infrastructure.Outbox.OutboxProcessor.SendEmailAsync(BsonDocument message, CancellationToken ct) in C:\NG\Angular\shekina-site\backend\src\Shekinah.Infrastructure\Outbox\OutboxProcessor.cs:line 112
   at Shekinah.Infrastructure.Outbox.OutboxProcessor.<>c__DisplayClass7_0.<<ProcessPendingAsync>b__0>d.MoveNext() in C:\NG\Angular\shekina-site\backend\src\Shekinah.Infrastructure\Outbox\OutboxProcessor.cs:line 53
--- End of stack trace from previous location ---
   at Polly.ResiliencePipeline.<>c.<<ExecuteAsync>b__3_0>d.MoveNext()
--- End of stack trace from previous location ---
   at Polly.Outcome`1.GetResultOrRethrow()
   at Polly.ResiliencePipeline.ExecuteAsync(Func`2 callback, CancellationToken cancellationToken)
   at Shekinah.Infrastructure.Outbox.OutboxProcessor.ProcessPendingAsync(CancellationToken ct) in C:\NG\Angular\shekina-site\backend\src\Shekinah.Infrastructure\Outbox\OutboxProcessor.cs:line 53
2026-09-22 15:12:15.720 -06:00 [WRN] Fallo enviando mensaje de outbox 6ab2ef12cf7f73e74a860df2, intento 2
MailKit.Security.AuthenticationException: 535: 5.7.8 Username and Password not accepted. For more information, go to
5.7.8  https://support.google.com/mail/?p=BadCredentials 46e09a7af769-816044c82c2sm799878a34.20 - gsmtp
 ---> MailKit.Net.Smtp.SmtpCommandException: 5.7.8 Username and Password not accepted. For more information, go to
5.7.8  https://support.google.com/mail/?p=BadCredentials 46e09a7af769-816044c82c2sm799878a34.20 - gsmtp
   --- End of inner exception stack trace ---
   at MailKit.Net.Smtp.SmtpClient.AuthenticateAsync(Encoding encoding, ICredentials credentials, CancellationToken cancellationToken)
   at Shekinah.Infrastructure.Outbox.OutboxProcessor.SendEmailAsync(BsonDocument message, CancellationToken ct) in C:\NG\Angular\shekina-site\backend\src\Shekinah.Infrastructure\Outbox\OutboxProcessor.cs:line 112
   at Shekinah.Infrastructure.Outbox.OutboxProcessor.<>c__DisplayClass7_0.<<ProcessPendingAsync>b__0>d.MoveNext() in C:\NG\Angular\shekina-site\backend\src\Shekinah.Infrastructure\Outbox\OutboxProcessor.cs:line 53
--- End of stack trace from previous location ---
   at Polly.ResiliencePipeline.<>c.<<ExecuteAsync>b__3_0>d.MoveNext()
--- End of stack trace from previous location ---
   at Polly.Outcome`1.GetResultOrRethrow()
   at Polly.ResiliencePipeline.ExecuteAsync(Func`2 callback, CancellationToken cancellationToken)
   at Shekinah.Infrastructure.Outbox.OutboxProcessor.ProcessPendingAsync(CancellationToken ct) in C:\NG\Angular\shekina-site\backend\src\Shekinah.Infrastructure\Outbox\OutboxProcessor.cs:line 53
2026-09-22 15:12:44.537 -06:00 [WRN] Fallo enviando mensaje de outbox 6ab2ef12cf7f73e74a860df2, intento 3
MailKit.Security.AuthenticationException: 535: 5.7.8 Username and Password not accepted. For more information, go to
5.7.8  https://support.google.com/mail/?p=BadCredentials 46e09a7af769-816018d876fsm921440a34.2 - gsmtp
 ---> MailKit.Net.Smtp.SmtpCommandException: 5.7.8 Username and Password not accepted. For more information, go to
5.7.8  https://support.google.com/mail/?p=BadCredentials 46e09a7af769-816018d876fsm921440a34.2 - gsmtp
   --- End of inner exception stack trace ---
   at MailKit.Net.Smtp.SmtpClient.AuthenticateAsync(Encoding encoding, ICredentials credentials, CancellationToken cancellationToken)
   at Shekinah.Infrastructure.Outbox.OutboxProcessor.SendEmailAsync(BsonDocument message, CancellationToken ct) in C:\NG\Angular\shekina-site\backend\src\Shekinah.Infrastructure\Outbox\OutboxProcessor.cs:line 112
   at Shekinah.Infrastructure.Outbox.OutboxProcessor.<>c__DisplayClass7_0.<<ProcessPendingAsync>b__0>d.MoveNext() in C:\NG\Angular\shekina-site\backend\src\Shekinah.Infrastructure\Outbox\OutboxProcessor.cs:line 53
--- End of stack trace from previous location ---
   at Polly.ResiliencePipeline.<>c.<<ExecuteAsync>b__3_0>d.MoveNext()
--- End of stack trace from previous location ---
   at Polly.Outcome`1.GetResultOrRethrow()
   at Polly.ResiliencePipeline.ExecuteAsync(Func`2 callback, CancellationToken cancellationToken)
   at Shekinah.Infrastructure.Outbox.OutboxProcessor.ProcessPendingAsync(CancellationToken ct) in C:\NG\Angular\shekina-site\backend\src\Shekinah.Infrastructure\Outbox\OutboxProcessor.cs:line 53
2026-09-22 15:13:33.106 -06:00 [WRN] Fallo enviando mensaje de outbox 6ab2ef12cf7f73e74a860df2, intento 4
MailKit.Security.AuthenticationException: 535: 5.7.8 Username and Password not accepted. For more information, go to
5.7.8  https://support.google.com/mail/?p=BadCredentials 586e51a60fabf-4908efd9a67sm629423fac.17 - gsmtp
 ---> MailKit.Net.Smtp.SmtpCommandException: 5.7.8 Username and Password not accepted. For more information, go to
5.7.8  https://support.google.com/mail/?p=BadCredentials 586e51a60fabf-4908efd9a67sm629423fac.17 - gsmtp
   --- End of inner exception stack trace ---
   at MailKit.Net.Smtp.SmtpClient.AuthenticateAsync(Encoding encoding, ICredentials credentials, CancellationToken cancellationToken)
   at Shekinah.Infrastructure.Outbox.OutboxProcessor.SendEmailAsync(BsonDocument message, CancellationToken ct) in C:\NG\Angular\shekina-site\backend\src\Shekinah.Infrastructure\Outbox\OutboxProcessor.cs:line 112
   at Shekinah.Infrastructure.Outbox.OutboxProcessor.<>c__DisplayClass7_0.<<ProcessPendingAsync>b__0>d.MoveNext() in C:\NG\Angular\shekina-site\backend\src\Shekinah.Infrastructure\Outbox\OutboxProcessor.cs:line 53
--- End of stack trace from previous location ---
   at Polly.ResiliencePipeline.<>c.<<ExecuteAsync>b__3_0>d.MoveNext()
--- End of stack trace from previous location ---
   at Polly.Outcome`1.GetResultOrRethrow()
   at Polly.ResiliencePipeline.ExecuteAsync(Func`2 callback, CancellationToken cancellationToken)
   at Shekinah.Infrastructure.Outbox.OutboxProcessor.ProcessPendingAsync(CancellationToken ct) in C:\NG\Angular\shekina-site\backend\src\Shekinah.Infrastructure\Outbox\OutboxProcessor.cs:line 53
2026-09-22 15:15:01.869 -06:00 [WRN] Fallo enviando mensaje de outbox 6ab2ef12cf7f73e74a860df2, intento 5
MailKit.Security.AuthenticationException: 535: 5.7.8 Username and Password not accepted. For more information, go to
5.7.8  https://support.google.com/mail/?p=BadCredentials 5614622812f47-4d5c522b61csm502629b6e.16 - gsmtp
 ---> MailKit.Net.Smtp.SmtpCommandException: 5.7.8 Username and Password not accepted. For more information, go to
5.7.8  https://support.google.com/mail/?p=BadCredentials 5614622812f47-4d5c522b61csm502629b6e.16 - gsmtp
   --- End of inner exception stack trace ---
   at MailKit.Net.Smtp.SmtpClient.AuthenticateAsync(Encoding encoding, ICredentials credentials, CancellationToken cancellationToken)
   at Shekinah.Infrastructure.Outbox.OutboxProcessor.SendEmailAsync(BsonDocument message, CancellationToken ct) in C:\NG\Angular\shekina-site\backend\src\Shekinah.Infrastructure\Outbox\OutboxProcessor.cs:line 112
   at Shekinah.Infrastructure.Outbox.OutboxProcessor.<>c__DisplayClass7_0.<<ProcessPendingAsync>b__0>d.MoveNext() in C:\NG\Angular\shekina-site\backend\src\Shekinah.Infrastructure\Outbox\OutboxProcessor.cs:line 53
--- End of stack trace from previous location ---
   at Polly.ResiliencePipeline.<>c.<<ExecuteAsync>b__3_0>d.MoveNext()
--- End of stack trace from previous location ---
   at Polly.Outcome`1.GetResultOrRethrow()
   at Polly.ResiliencePipeline.ExecuteAsync(Func`2 callback, CancellationToken cancellationToken)
   at Shekinah.Infrastructure.Outbox.OutboxProcessor.ProcessPendingAsync(CancellationToken ct) in C:\NG\Angular\shekina-site\backend\src\Shekinah.Infrastructure\Outbox\OutboxProcessor.cs:line 53
2026-09-22 15:16:50.446 -06:00 [INF] Request starting HTTP/1.1 GET https://localhost:5081/api/v1/auth/me - null null
2026-09-22 15:16:50.452 -06:00 [INF] Executing endpoint 'HTTP: GET /api/v1/auth/me'
2026-09-22 15:16:50.457 -06:00 [INF] Ejecutando GetCurrentUserQuery
2026-09-22 15:16:50.463 -06:00 [INF] GetCurrentUserQuery completado
2026-09-22 15:16:50.465 -06:00 [INF] Setting HTTP status code 200.
2026-09-22 15:16:50.467 -06:00 [INF] Writing value of type 'CurrentUserResponse' as Json.
2026-09-22 15:16:50.470 -06:00 [INF] Executed endpoint 'HTTP: GET /api/v1/auth/me'
2026-09-22 15:16:50.474 -06:00 [INF] Request finished HTTP/1.1 GET https://localhost:5081/api/v1/auth/me - 200 null application/json; charset=utf-8 27.9247ms
2026-09-22 15:16:50.646 -06:00 [INF] Request starting HTTP/1.1 GET https://localhost:5081/api/v1/catalog/regions - null null
2026-09-22 15:16:50.650 -06:00 [INF] Request starting HTTP/1.1 GET https://localhost:5081/api/v1/academic/periods/current - null null
2026-09-22 15:16:50.652 -06:00 [INF] Executing endpoint 'HTTP: GET /api/v1/catalog/regions'
2026-09-22 15:16:50.657 -06:00 [INF] Executing endpoint 'HTTP: GET /api/v1/academic/periods/current'
2026-09-22 15:16:50.659 -06:00 [INF] Ejecutando GetRegionsQuery
2026-09-22 15:16:50.661 -06:00 [INF] Ejecutando GetCurrentPeriodQuery
2026-09-22 15:16:50.665 -06:00 [INF] GetRegionsQuery completado
2026-09-22 15:16:50.666 -06:00 [INF] GetCurrentPeriodQuery completado
2026-09-22 15:16:50.667 -06:00 [INF] Setting HTTP status code 200.
2026-09-22 15:16:50.670 -06:00 [INF] Setting HTTP status code 200.
2026-09-22 15:16:50.672 -06:00 [INF] Writing value of type 'List`1' as Json.
2026-09-22 15:16:50.675 -06:00 [INF] Writing value of type 'CurrentPeriodResponse' as Json.
2026-09-22 15:16:50.678 -06:00 [INF] Executed endpoint 'HTTP: GET /api/v1/catalog/regions'
2026-09-22 15:16:50.680 -06:00 [INF] Executed endpoint 'HTTP: GET /api/v1/academic/periods/current'
2026-09-22 15:16:50.682 -06:00 [INF] Request finished HTTP/1.1 GET https://localhost:5081/api/v1/catalog/regions - 200 null application/json; charset=utf-8 36.9438ms
2026-09-22 15:16:50.685 -06:00 [INF] Request finished HTTP/1.1 GET https://localhost:5081/api/v1/academic/periods/current - 200 null application/json; charset=utf-8 35.0642ms
2026-09-22 15:16:50.812 -06:00 [INF] Request starting HTTP/1.1 GET https://localhost:5081/api/v1/payments/matrix?periodId=1e11697f1368455f50edeeef&page=1&pageSize=500 - null null
2026-09-22 15:16:50.813 -06:00 [INF] Request starting HTTP/1.1 GET https://localhost:5081/api/v1/payments/summary?monthCode=202609 - null null
2026-09-22 15:16:50.816 -06:00 [INF] Executing endpoint 'HTTP: GET /api/v1/payments/matrix'
2026-09-22 15:16:50.819 -06:00 [INF] Executing endpoint 'HTTP: GET /api/v1/payments/summary'
2026-09-22 15:16:50.829 -06:00 [INF] Ejecutando GetPaymentMatrixQuery
2026-09-22 15:16:50.829 -06:00 [INF] Ejecutando GetBillingSummaryQuery
2026-09-22 15:16:50.836 -06:00 [INF] GetPaymentMatrixQuery completado
2026-09-22 15:16:50.836 -06:00 [INF] GetBillingSummaryQuery completado
2026-09-22 15:16:50.838 -06:00 [INF] Setting HTTP status code 200.
2026-09-22 15:16:50.840 -06:00 [INF] Setting HTTP status code 200.
2026-09-22 15:16:50.842 -06:00 [INF] Writing value of type 'PagedResult`1' as Json.
2026-09-22 15:16:50.844 -06:00 [INF] Writing value of type 'BillingSummaryResponse' as Json.
2026-09-22 15:16:50.846 -06:00 [INF] Executed endpoint 'HTTP: GET /api/v1/payments/matrix'
2026-09-22 15:16:50.848 -06:00 [INF] Executed endpoint 'HTTP: GET /api/v1/payments/summary'
2026-09-22 15:16:50.850 -06:00 [INF] Request finished HTTP/1.1 GET https://localhost:5081/api/v1/payments/matrix?periodId=1e11697f1368455f50edeeef&page=1&pageSize=500 - 200 null application/json; charset=utf-8 38.5799ms
2026-09-22 15:16:50.852 -06:00 [INF] Request finished HTTP/1.1 GET https://localhost:5081/api/v1/payments/summary?monthCode=202609 - 200 null application/json; charset=utf-8 39.6478ms
2026-09-22 21:16:51.566 -06:00 [INF] Application is shutting down...
2026-09-22 21:17:01.279 -06:00 [INF] User profile is available. Using 'C:\Users\User\AppData\Local\ASP.NET\DataProtection-Keys' as key repository and Windows DPAPI to encrypt keys at rest.
2026-09-22 21:17:01.807 -06:00 [INF] Now listening on: https://localhost:5081
2026-09-22 21:17:01.811 -06:00 [INF] Now listening on: http://localhost:5080
2026-09-22 21:17:01.814 -06:00 [INF] Application started. Press Ctrl+C to shut down.
2026-09-22 21:17:01.816 -06:00 [INF] Hosting environment: Development
2026-09-22 21:17:01.817 -06:00 [INF] Content root path: C:\NG\Angular\shekina-site\backend\src\Shekinah.Api
2026-09-22 21:17:02.407 -06:00 [INF] Request starting HTTP/2 GET https://localhost:5081/scalar/v1 - null null
2026-09-22 21:17:02.547 -06:00 [INF] Authorization failed. These requirements were not met:
DenyAnonymousAuthorizationRequirement: Requires an authenticated user.
2026-09-22 21:17:02.553 -06:00 [INF] AuthenticationScheme: Bearer was challenged.
2026-09-22 21:17:02.558 -06:00 [INF] Request finished HTTP/2 GET https://localhost:5081/scalar/v1 - 401 0 null 156.9245ms
2026-09-22 21:17:32.046 -06:00 [INF] Request starting HTTP/1.1 GET https://localhost:5081/api/v1/auth/me - null null
2026-09-22 21:17:32.279 -06:00 [INF] Failed to validate the token.
Microsoft.IdentityModel.Tokens.SecurityTokenExpiredException: IDX10223: Lifetime validation failed. The token is expired. ValidTo (UTC): '9/22/2026 9:26:20 PM', Current time (UTC): '9/23/2026 3:17:32 AM'.
   at Microsoft.IdentityModel.Tokens.ValidatorUtilities.ValidateLifetime(Nullable`1 notBefore, Nullable`1 expires, SecurityToken securityToken, TokenValidationParameters validationParameters)
   at Microsoft.IdentityModel.Tokens.Validators.ValidateLifetime(Nullable`1 notBefore, Nullable`1 expires, SecurityToken securityToken, TokenValidationParameters validationParameters)
   at Microsoft.IdentityModel.JsonWebTokens.JsonWebTokenHandler.ValidateTokenPayloadAsync(JsonWebToken jsonWebToken, TokenValidationParameters validationParameters, BaseConfiguration configuration)
   at Microsoft.IdentityModel.JsonWebTokens.JsonWebTokenHandler.ValidateJWSAsync(JsonWebToken jsonWebToken, TokenValidationParameters validationParameters, BaseConfiguration configuration)
2026-09-22 21:17:32.297 -06:00 [INF] Bearer was not authenticated. Failure message: IDX10223: Lifetime validation failed. The token is expired. ValidTo (UTC): '9/22/2026 9:26:20 PM', Current time (UTC): '9/23/2026 3:17:32 AM'.
2026-09-22 21:17:32.302 -06:00 [INF] Authorization failed. These requirements were not met:
DenyAnonymousAuthorizationRequirement: Requires an authenticated user.
2026-09-22 21:17:32.306 -06:00 [INF] AuthenticationScheme: Bearer was challenged.
2026-09-22 21:17:32.310 -06:00 [INF] Request finished HTTP/1.1 GET https://localhost:5081/api/v1/auth/me - 401 0 null 264.7215ms
2026-09-22 21:17:32.352 -06:00 [INF] Request starting HTTP/1.1 POST https://localhost:5081/api/v1/auth/refresh - application/json 105
2026-09-22 21:17:32.359 -06:00 [INF] CORS policy execution successful.
2026-09-22 21:17:32.364 -06:00 [INF] Failed to validate the token.
Microsoft.IdentityModel.Tokens.SecurityTokenExpiredException: IDX10223: Lifetime validation failed. The token is expired. ValidTo (UTC): '9/22/2026 9:26:20 PM', Current time (UTC): '9/23/2026 3:17:32 AM'.
   at Microsoft.IdentityModel.Tokens.ValidatorUtilities.ValidateLifetime(Nullable`1 notBefore, Nullable`1 expires, SecurityToken securityToken, TokenValidationParameters validationParameters)
   at Microsoft.IdentityModel.Tokens.Validators.ValidateLifetime(Nullable`1 notBefore, Nullable`1 expires, SecurityToken securityToken, TokenValidationParameters validationParameters)
   at Microsoft.IdentityModel.JsonWebTokens.JsonWebTokenHandler.ValidateTokenPayloadAsync(JsonWebToken jsonWebToken, TokenValidationParameters validationParameters, BaseConfiguration configuration)
   at Microsoft.IdentityModel.JsonWebTokens.JsonWebTokenHandler.ValidateJWSAsync(JsonWebToken jsonWebToken, TokenValidationParameters validationParameters, BaseConfiguration configuration)
2026-09-22 21:17:32.368 -06:00 [INF] Bearer was not authenticated. Failure message: IDX10223: Lifetime validation failed. The token is expired. ValidTo (UTC): '9/22/2026 9:26:20 PM', Current time (UTC): '9/23/2026 3:17:32 AM'.
2026-09-22 21:17:32.375 -06:00 [INF] Executing endpoint 'HTTP: POST /api/v1/auth/refresh'
2026-09-22 21:17:32.429 -06:00 [INF] Ejecutando RefreshTokenCommand
2026-09-22 21:17:32.585 -06:00 [INF] RefreshTokenCommand completado
2026-09-22 21:17:32.593 -06:00 [INF] Setting HTTP status code 200.
2026-09-22 21:17:32.598 -06:00 [INF] Writing value of type 'RefreshTokenResponse' as Json.
2026-09-22 21:17:32.608 -06:00 [INF] Executed endpoint 'HTTP: POST /api/v1/auth/refresh'
2026-09-22 21:17:32.616 -06:00 [INF] Request finished HTTP/1.1 POST https://localhost:5081/api/v1/auth/refresh - 200 null application/json; charset=utf-8 263.4452ms
2026-09-22 21:17:32.623 -06:00 [INF] Request starting HTTP/1.1 GET https://localhost:5081/api/v1/auth/me - null null
2026-09-22 21:17:32.641 -06:00 [INF] Executing endpoint 'HTTP: GET /api/v1/auth/me'
2026-09-22 21:17:32.645 -06:00 [INF] Ejecutando GetCurrentUserQuery
2026-09-22 21:17:32.654 -06:00 [INF] GetCurrentUserQuery completado
2026-09-22 21:17:32.656 -06:00 [INF] Setting HTTP status code 200.
2026-09-22 21:17:32.659 -06:00 [INF] Writing value of type 'CurrentUserResponse' as Json.
2026-09-22 21:17:32.670 -06:00 [INF] Executed endpoint 'HTTP: GET /api/v1/auth/me'
2026-09-22 21:17:32.673 -06:00 [INF] Request finished HTTP/1.1 GET https://localhost:5081/api/v1/auth/me - 200 null application/json; charset=utf-8 49.8044ms
2026-09-22 21:17:32.713 -06:00 [INF] Request starting HTTP/1.1 GET https://localhost:5081/api/v1/catalog/regions - null null
2026-09-22 21:17:32.719 -06:00 [INF] Request starting HTTP/1.1 GET https://localhost:5081/api/v1/academic/periods/current - null null
2026-09-22 21:17:32.721 -06:00 [INF] Executing endpoint 'HTTP: GET /api/v1/catalog/regions'
2026-09-22 21:17:32.725 -06:00 [INF] Executing endpoint 'HTTP: GET /api/v1/academic/periods/current'
2026-09-22 21:17:32.733 -06:00 [INF] Ejecutando GetCurrentPeriodQuery
2026-09-22 21:17:32.733 -06:00 [INF] Ejecutando GetRegionsQuery
2026-09-22 21:17:32.746 -06:00 [INF] GetCurrentPeriodQuery completado
2026-09-22 21:17:32.750 -06:00 [INF] Setting HTTP status code 200.
2026-09-22 21:17:32.751 -06:00 [INF] GetRegionsQuery completado
2026-09-22 21:17:32.754 -06:00 [INF] Writing value of type 'CurrentPeriodResponse' as Json.
2026-09-22 21:17:32.755 -06:00 [INF] Setting HTTP status code 200.
2026-09-22 21:17:32.761 -06:00 [INF] Writing value of type 'List`1' as Json.
2026-09-22 21:17:32.761 -06:00 [INF] Executed endpoint 'HTTP: GET /api/v1/academic/periods/current'
2026-09-22 21:17:32.767 -06:00 [INF] Request finished HTTP/1.1 GET https://localhost:5081/api/v1/academic/periods/current - 200 null application/json; charset=utf-8 48.0437ms
2026-09-22 21:17:32.777 -06:00 [INF] Executed endpoint 'HTTP: GET /api/v1/catalog/regions'
2026-09-22 21:17:32.781 -06:00 [INF] Request finished HTTP/1.1 GET https://localhost:5081/api/v1/catalog/regions - 200 null application/json; charset=utf-8 68.6223ms
2026-09-22 21:17:32.784 -06:00 [INF] Request starting HTTP/1.1 GET https://localhost:5081/api/v1/payments/matrix?periodId=1e11697f1368455f50edeeef&page=1&pageSize=500 - null null
2026-09-22 21:17:32.785 -06:00 [INF] Request starting HTTP/1.1 GET https://localhost:5081/api/v1/payments/summary?monthCode=202609 - null null
2026-09-22 21:17:32.794 -06:00 [INF] Executing endpoint 'HTTP: GET /api/v1/payments/matrix'
2026-09-22 21:17:32.800 -06:00 [INF] Executing endpoint 'HTTP: GET /api/v1/payments/summary'
2026-09-22 21:17:32.808 -06:00 [INF] Ejecutando GetBillingSummaryQuery
2026-09-22 21:17:32.809 -06:00 [INF] Ejecutando GetPaymentMatrixQuery
2026-09-22 21:17:32.857 -06:00 [INF] GetBillingSummaryQuery completado
2026-09-22 21:17:32.860 -06:00 [INF] Setting HTTP status code 200.
2026-09-22 21:17:32.875 -06:00 [INF] Writing value of type 'BillingSummaryResponse' as Json.
2026-09-22 21:17:32.875 -06:00 [INF] GetPaymentMatrixQuery completado
2026-09-22 21:17:32.880 -06:00 [INF] Setting HTTP status code 200.
2026-09-22 21:17:32.886 -06:00 [INF] Executed endpoint 'HTTP: GET /api/v1/payments/summary'
2026-09-22 21:17:32.888 -06:00 [INF] Writing value of type 'PagedResult`1' as Json.
2026-09-22 21:17:32.889 -06:00 [INF] Request finished HTTP/1.1 GET https://localhost:5081/api/v1/payments/summary?monthCode=202609 - 200 null application/json; charset=utf-8 104.3557ms
2026-09-22 21:17:32.902 -06:00 [INF] Executed endpoint 'HTTP: GET /api/v1/payments/matrix'
2026-09-22 21:17:32.905 -06:00 [INF] Request finished HTTP/1.1 GET https://localhost:5081/api/v1/payments/matrix?periodId=1e11697f1368455f50edeeef&page=1&pageSize=500 - 200 null application/json; charset=utf-8 121.1216ms
2026-09-22 21:17:42.868 -06:00 [INF] Request starting HTTP/1.1 POST https://localhost:5081/api/v1/payments/receipt - application/json 61
2026-09-22 21:17:42.872 -06:00 [INF] CORS policy execution successful.
2026-09-22 21:17:42.874 -06:00 [INF] Executing endpoint 'HTTP: POST /api/v1/payments/receipt'
2026-09-22 21:17:42.909 -06:00 [INF] Ejecutando SendPaymentReceiptCommand
2026-09-22 21:17:43.476 -06:00 [INF] SendPaymentReceiptCommand completado
2026-09-22 21:17:43.478 -06:00 [INF] Setting HTTP status code 200.
2026-09-22 21:17:43.480 -06:00 [INF] Writing value of type 'SendPaymentReceiptResponse' as Json.
2026-09-22 21:17:43.492 -06:00 [INF] Executed endpoint 'HTTP: POST /api/v1/payments/receipt'
2026-09-22 21:17:43.494 -06:00 [INF] Request finished HTTP/1.1 POST https://localhost:5081/api/v1/payments/receipt - 200 null application/json; charset=utf-8 626.8953ms
2026-09-22 21:18:40.687 -06:00 [INF] Request starting HTTP/1.1 GET https://localhost:5081/api/v1/catalog/regions - null null
2026-09-22 21:18:40.694 -06:00 [INF] Executing endpoint 'HTTP: GET /api/v1/catalog/regions'
2026-09-22 21:18:40.700 -06:00 [INF] Request starting HTTP/1.1 GET https://localhost:5081/api/v1/calendar?from=2026-08-25T06:00:00.000Z&to=2026-10-07T06:00:00.000Z - null null
2026-09-22 21:18:40.716 -06:00 [INF] Ejecutando GetRegionsQuery
2026-09-22 21:18:40.718 -06:00 [INF] Executing endpoint 'HTTP: GET /api/v1/calendar/'
2026-09-22 21:18:40.721 -06:00 [INF] GetRegionsQuery completado
2026-09-22 21:18:40.723 -06:00 [INF] Setting HTTP status code 200.
2026-09-22 21:18:40.725 -06:00 [INF] Ejecutando GetPublicCalendarEventsQuery
2026-09-22 21:18:40.726 -06:00 [INF] Writing value of type 'List`1' as Json.
2026-09-22 21:18:40.732 -06:00 [INF] Executed endpoint 'HTTP: GET /api/v1/catalog/regions'
2026-09-22 21:18:40.736 -06:00 [INF] Request finished HTTP/1.1 GET https://localhost:5081/api/v1/catalog/regions - 200 null application/json; charset=utf-8 48.5739ms
2026-09-22 21:18:40.810 -06:00 [INF] GetPublicCalendarEventsQuery completado
2026-09-22 21:18:40.812 -06:00 [INF] Setting HTTP status code 200.
2026-09-22 21:18:40.816 -06:00 [INF] Writing value of type 'List`1' as Json.
2026-09-22 21:18:40.822 -06:00 [INF] Executed endpoint 'HTTP: GET /api/v1/calendar/'
2026-09-22 21:18:40.825 -06:00 [INF] Request finished HTTP/1.1 GET https://localhost:5081/api/v1/calendar?from=2026-08-25T06:00:00.000Z&to=2026-10-07T06:00:00.000Z - 200 null application/json; charset=utf-8 124.592ms
2026-09-22 21:18:46.863 -06:00 [INF] Request starting HTTP/1.1 GET https://localhost:5081/api/v1/admissions/applications?status=Pending&page=1&pageSize=20 - null null
2026-09-22 21:18:46.867 -06:00 [INF] Executing endpoint 'HTTP: GET /api/v1/admissions/applications'
2026-09-22 21:18:46.870 -06:00 [INF] Ejecutando GetApplicationsQuery
2026-09-22 21:18:46.882 -06:00 [INF] GetApplicationsQuery completado
2026-09-22 21:18:46.883 -06:00 [INF] Setting HTTP status code 200.
2026-09-22 21:18:46.893 -06:00 [INF] Writing value of type 'PagedResult`1' as Json.
2026-09-22 21:18:46.896 -06:00 [INF] Executed endpoint 'HTTP: GET /api/v1/admissions/applications'
2026-09-22 21:18:46.897 -06:00 [INF] Request finished HTTP/1.1 GET https://localhost:5081/api/v1/admissions/applications?status=Pending&page=1&pageSize=20 - 200 null application/json; charset=utf-8 34.6603ms
2026-09-22 21:18:57.732 -06:00 [INF] Request starting HTTP/1.1 GET https://localhost:5081/api/v1/admissions/applications?status=Pending&page=1&pageSize=20 - null null
2026-09-22 21:18:57.737 -06:00 [INF] Executing endpoint 'HTTP: GET /api/v1/admissions/applications'
2026-09-22 21:18:57.740 -06:00 [INF] Ejecutando GetApplicationsQuery
2026-09-22 21:18:57.744 -06:00 [INF] GetApplicationsQuery completado
2026-09-22 21:18:57.746 -06:00 [INF] Setting HTTP status code 200.
2026-09-22 21:18:57.748 -06:00 [INF] Writing value of type 'PagedResult`1' as Json.
2026-09-22 21:18:57.751 -06:00 [INF] Executed endpoint 'HTTP: GET /api/v1/admissions/applications'
2026-09-22 21:18:57.753 -06:00 [INF] Request finished HTTP/1.1 GET https://localhost:5081/api/v1/admissions/applications?status=Pending&page=1&pageSize=20 - 200 null application/json; charset=utf-8 21.2864ms
2026-09-22 21:19:02.014 -06:00 [INF] Request starting HTTP/1.1 GET https://localhost:5081/api/v1/admissions/applications?status=Approved&page=1&pageSize=20 - null null
2026-09-22 21:19:02.018 -06:00 [INF] Executing endpoint 'HTTP: GET /api/v1/admissions/applications'
2026-09-22 21:19:02.026 -06:00 [INF] Ejecutando GetApplicationsQuery
2026-09-22 21:19:02.044 -06:00 [INF] GetApplicationsQuery completado
2026-09-22 21:19:02.046 -06:00 [INF] Setting HTTP status code 200.
2026-09-22 21:19:02.048 -06:00 [INF] Writing value of type 'PagedResult`1' as Json.
2026-09-22 21:19:02.056 -06:00 [INF] Executed endpoint 'HTTP: GET /api/v1/admissions/applications'
2026-09-22 21:19:02.058 -06:00 [INF] Request finished HTTP/1.1 GET https://localhost:5081/api/v1/admissions/applications?status=Approved&page=1&pageSize=20 - 200 null application/json; charset=utf-8 43.993ms
2026-09-22 21:19:03.069 -06:00 [INF] Request starting HTTP/1.1 GET https://localhost:5081/api/v1/admissions/applications?status=Rejected&page=1&pageSize=20 - null null
2026-09-22 21:19:03.073 -06:00 [INF] Executing endpoint 'HTTP: GET /api/v1/admissions/applications'
2026-09-22 21:19:03.074 -06:00 [INF] Ejecutando GetApplicationsQuery
2026-09-22 21:19:03.078 -06:00 [INF] GetApplicationsQuery completado
2026-09-22 21:19:03.080 -06:00 [INF] Setting HTTP status code 200.
2026-09-22 21:19:03.082 -06:00 [INF] Writing value of type 'PagedResult`1' as Json.
2026-09-22 21:19:03.084 -06:00 [INF] Executed endpoint 'HTTP: GET /api/v1/admissions/applications'
2026-09-22 21:19:03.087 -06:00 [INF] Request finished HTTP/1.1 GET https://localhost:5081/api/v1/admissions/applications?status=Rejected&page=1&pageSize=20 - 200 null application/json; charset=utf-8 17.7826ms
2026-09-22 21:19:04.052 -06:00 [INF] Request starting HTTP/1.1 GET https://localhost:5081/api/v1/admissions/applications?page=1&pageSize=20 - null null
2026-09-22 21:19:04.056 -06:00 [INF] Executing endpoint 'HTTP: GET /api/v1/admissions/applications'
2026-09-22 21:19:04.058 -06:00 [INF] Ejecutando GetApplicationsQuery
2026-09-22 21:19:04.072 -06:00 [INF] GetApplicationsQuery completado
2026-09-22 21:19:04.074 -06:00 [INF] Setting HTTP status code 200.
2026-09-22 21:19:04.076 -06:00 [INF] Writing value of type 'PagedResult`1' as Json.
2026-09-22 21:19:04.078 -06:00 [INF] Executed endpoint 'HTTP: GET /api/v1/admissions/applications'
2026-09-22 21:19:04.081 -06:00 [INF] Request finished HTTP/1.1 GET https://localhost:5081/api/v1/admissions/applications?page=1&pageSize=20 - 200 null application/json; charset=utf-8 28.7383ms
2026-09-22 21:19:05.152 -06:00 [INF] Request starting HTTP/1.1 GET https://localhost:5081/api/v1/admissions/applications?status=Pending&page=1&pageSize=20 - null null
2026-09-22 21:19:05.156 -06:00 [INF] Executing endpoint 'HTTP: GET /api/v1/admissions/applications'
2026-09-22 21:19:05.157 -06:00 [INF] Ejecutando GetApplicationsQuery
2026-09-22 21:19:05.161 -06:00 [INF] GetApplicationsQuery completado
2026-09-22 21:19:05.162 -06:00 [INF] Setting HTTP status code 200.
2026-09-22 21:19:05.164 -06:00 [INF] Writing value of type 'PagedResult`1' as Json.
2026-09-22 21:19:05.166 -06:00 [INF] Executed endpoint 'HTTP: GET /api/v1/admissions/applications'
2026-09-22 21:19:05.168 -06:00 [INF] Request finished HTTP/1.1 GET https://localhost:5081/api/v1/admissions/applications?status=Pending&page=1&pageSize=20 - 200 null application/json; charset=utf-8 16.5439ms
